snapshot_date_utc,task,num_envs,covered_pairs,expected_pairs,missing_pairs
2026-08-23,Isaac-Ant-Direct,8192,3,4,1
2026-08-23,Isaac-Ant,8192,3,4,1
2026-08-23,Isaac-Cartpole-Direct,8192,3,4,1
2026-08-23,Isaac-Cartpole,8192,3,4,1
2026-08-23,Isaac-Cartpole-Camera-Direct,8192,3,4,1
2026-08-23,Isaac-Cartpole-Camera,8192,0,4,4
2026-08-23,Isaac-Fourbar-Pole-Swingup,8192,0,1,1
2026-08-23,Isaac-Humanoid-Direct,8192,3,3,0
2026-08-23,Isaac-Humanoid,8192,3,3,0
2026-08-23,Isaac-Lift-Cable-Franka,8192,0,1,1
2026-08-23,Isaac-Lift-Cable-Franka-Camera,8192,0,2,2
2026-08-23,Isaac-Lift-Cloth-Franka,8192,0,2,2
2026-08-23,Isaac-Lift-Cloth-Franka-Camera,8192,0,3,3
2026-08-23,Isaac-Lift-Franka,8192,3,3,0
2026-08-23,Isaac-Lift-KukaAllegro,8192,3,3,0
2026-08-23,Isaac-Lift-KukaAllegro-Camera,8192,3,4,1
2026-08-23,Isaac-Lift-Soft-Franka,8192,0,2,2
2026-08-23,Isaac-Lift-Soft-Franka-Camera,8192,0,3,3
2026-08-23,Isaac-Open-Drawer-Franka-Direct,8192,3,3,0
2026-08-23,Isaac-Open-Drawer-Franka,8192,3,3,0
2026-08-23,Isaac-Pendulum-MARL-Direct,8192,0,4,4
2026-08-23,Isaac-Reach-Franka,8192,3,3,0
2026-08-23,Isaac-Reach-Franka-OSC,8192,3,3,0
2026-08-23,Isaac-Reach-UR10,8192,3,3,0
2026-08-23,Isaac-Reorient-Cube-Allegro-Direct,8192,3,3,0
2026-08-23,Isaac-Reorient-Cube-Allegro,8192,3,3,0
2026-08-23,Isaac-Reorient-Cube-Shadow-Direct,8192,3,3,0
2026-08-23,Isaac-Reorient-Cube-Shadow,8192,3,3,0
2026-08-23,Isaac-Reorient-Cube-Shadow-Camera-Direct,8192,3,4,1
2026-08-23,Isaac-Reorient-Cube-Shadow-Camera,8192,3,4,1
2026-08-23,Isaac-Reorient-KukaAllegro,8192,3,3,0
2026-08-23,Isaac-Reorient-KukaAllegro-Camera,8192,3,4,1
2026-08-23,Isaac-Shadow-Handover-Direct,8192,3,3,0
2026-08-23,Isaac-Shadow-Handover,8192,0,3,3
2026-08-23,Isaac-Velocity-Flat-AnymalD,8192,3,4,1
2026-08-23,Isaac-Velocity-Flat-Cassie,8192,3,4,1
2026-08-23,Isaac-Velocity-Flat-G1,8192,3,4,1
2026-08-23,Isaac-Velocity-Flat-H1,8192,3,4,1
2026-08-23,Isaac-Velocity-Flat-UnitreeGo2,8192,3,4,1
2026-08-23,Isaac-Velocity-Rough-AnymalD,8192,3,4,1
2026-08-23,Isaac-Velocity-Rough-Cassie,8192,3,4,1
2026-08-23,Isaac-Velocity-Rough-G1,8192,2,4,2
2026-08-23,Isaac-Velocity-Rough-H1,8192,3,4,1
2026-08-23,Isaac-Velocity-Rough-UnitreeGo2,8192,3,4,1
2026-08-30,Isaac-Ant-Direct,8192,3,4,1
2026-08-30,Isaac-Ant,8192,3,4,1
2026-08-30,Isaac-Cartpole-Direct,8192,3,4,1
2026-08-30,Isaac-Cartpole,8192,3,4,1
2026-08-30,Isaac-Cartpole-Camera-Direct,8192,3,4,1
2026-08-30,Isaac-Cartpole-Camera,8192,3,4,1
2026-08-30,Isaac-Fourbar-Pole-Swingup,8192,0,1,1
2026-08-30,Isaac-Humanoid-Direct,8192,3,3,0
2026-08-30,Isaac-Humanoid,8192,3,3,0
2026-08-30,Isaac-Lift-Cable-Franka,8192,0,1,1
2026-08-30,Isaac-Lift-Cable-Franka-Camera,8192,0,2,2
2026-08-30,Isaac-Lift-Cloth-Franka,8192,0,2,2
2026-08-30,Isaac-Lift-Cloth-Franka-Camera,8192,0,3,3
2026-08-30,Isaac-Lift-Franka,8192,3,3,0
2026-08-30,Isaac-Lift-KukaAllegro,8192,3,3,0
2026-08-30,Isaac-Lift-KukaAllegro-Camera,8192,3,4,1
2026-08-30,Isaac-Lift-Soft-Franka,8192,0,2,2
2026-08-30,Isaac-Lift-Soft-Franka-Camera,8192,0,3,3
2026-08-30,Isaac-Open-Drawer-Franka-Direct,8192,3,3,0
2026-08-30,Isaac-Open-Drawer-Franka,8192,3,3,0
2026-08-30,Isaac-Pendulum-MARL-Direct,8192,0,4,4
2026-08-30,Isaac-Reach-Franka,8192,3,3,0
2026-08-30,Isaac-Reach-Franka-OSC,8192,3,3,0
2026-08-30,Isaac-Reach-UR10,8192,3,3,0
2026-08-30,Isaac-Reorient-Cube-Allegro-Direct,8192,3,3,0
2026-08-30,Isaac-Reorient-Cube-Allegro,8192,3,3,0
2026-08-30,Isaac-Reorient-Cube-Shadow-Direct,8192,3,3,0
2026-08-30,Isaac-Reorient-Cube-Shadow,8192,3,3,0
2026-08-30,Isaac-Reorient-Cube-Shadow-Camera-Direct,8192,3,4,1
2026-08-30,Isaac-Reorient-Cube-Shadow-Camera,8192,3,4,1
2026-08-30,Isaac-Reorient-KukaAllegro,8192,3,3,0
2026-08-30,Isaac-Reorient-KukaAllegro-Camera,8192,3,4,1
2026-08-30,Isaac-Shadow-Handover-Direct,8192,3,3,0
2026-08-30,Isaac-Shadow-Handover,8192,0,3,3
2026-08-30,Isaac-Velocity-Flat-AnymalD,8192,3,4,1
2026-08-30,Isaac-Velocity-Flat-Cassie,8192,3,4,1
2026-08-30,Isaac-Velocity-Flat-G1,8192,3,4,1
2026-08-30,Isaac-Velocity-Flat-H1,8192,3,4,1
2026-08-30,Isaac-Velocity-Flat-UnitreeGo2,8192,3,4,1
2026-08-30,Isaac-Velocity-Rough-AnymalD,8192,3,4,1
2026-08-30,Isaac-Velocity-Rough-Cassie,8192,3,4,1
2026-08-30,Isaac-Velocity-Rough-G1,8192,3,4,1
2026-08-30,Isaac-Velocity-Rough-H1,8192,3,4,1
2026-08-30,Isaac-Velocity-Rough-UnitreeGo2,8192,3,4,1
2026-09-06,Isaac-Ant-Direct,8192,3,4,1
2026-09-06,Isaac-Ant,8192,3,4,1
2026-09-06,Isaac-Cartpole-Direct,8192,3,4,1
2026-09-06,Isaac-Cartpole,8192,3,4,1
2026-09-06,Isaac-Cartpole-Camera-Direct,8192,3,4,1
2026-09-06,Isaac-Cartpole-Camera,8192,3,4,1
2026-09-06,Isaac-Fourbar-Pole-Swingup,8192,0,1,1
2026-09-06,Isaac-Humanoid-Direct,8192,3,3,0
2026-09-06,Isaac-Humanoid,8192,3,3,0
2026-09-06,Isaac-Lift-Cable-Franka,8192,0,1,1
2026-09-06,Isaac-Lift-Cable-Franka-Camera,8192,0,2,2
2026-09-06,Isaac-Lift-Cloth-Franka,8192,0,2,2
2026-09-06,Isaac-Lift-Cloth-Franka-Camera,8192,0,3,3
2026-09-06,Isaac-Lift-Franka,8192,3,3,0
2026-09-06,Isaac-Lift-KukaAllegro,8192,3,3,0
2026-09-06,Isaac-Lift-KukaAllegro-Camera,8192,3,4,1
2026-09-06,Isaac-Lift-Soft-Franka,8192,0,2,2
2026-09-06,Isaac-Lift-Soft-Franka-Camera,8192,0,3,3
2026-09-06,Isaac-Open-Drawer-Franka-Direct,8192,3,3,0
2026-09-06,Isaac-Open-Drawer-Franka,8192,3,3,0
2026-09-06,Isaac-Pendulum-MARL-Direct,8192,0,4,4
2026-09-06,Isaac-Reach-Franka,8192,3,3,0
2026-09-06,Isaac-Reach-Franka-OSC,8192,3,3,0
2026-09-06,Isaac-Reach-UR10,8192,3,3,0
2026-09-06,Isaac-Reorient-Cube-Allegro-Direct,8192,3,3,0
2026-09-06,Isaac-Reorient-Cube-Allegro,8192,3,3,0
2026-09-06,Isaac-Reorient-Cube-Shadow-Direct,8192,3,3,0
2026-09-06,Isaac-Reorient-Cube-Shadow,8192,3,3,0
2026-09-06,Isaac-Reorient-Cube-Shadow-Camera-Direct,8192,3,4,1
2026-09-06,Isaac-Reorient-Cube-Shadow-Camera,8192,3,4,1
2026-09-06,Isaac-Reorient-KukaAllegro,8192,3,3,0
2026-09-06,Isaac-Reorient-KukaAllegro-Camera,8192,3,4,1
2026-09-06,Isaac-Shadow-Handover-Direct,8192,3,3,0
2026-09-06,Isaac-Shadow-Handover,8192,0,3,3
2026-09-06,Isaac-Velocity-Flat-AnymalD,8192,3,4,1
2026-09-06,Isaac-Velocity-Flat-Cassie,8192,3,4,1
2026-09-06,Isaac-Velocity-Flat-G1,8192,3,4,1
2026-09-06,Isaac-Velocity-Flat-H1,8192,3,4,1
2026-09-06,Isaac-Velocity-Flat-UnitreeGo2,8192,3,4,1
2026-09-06,Isaac-Velocity-Rough-AnymalD,8192,3,4,1
2026-09-06,Isaac-Velocity-Rough-Cassie,8192,3,4,1
2026-09-06,Isaac-Velocity-Rough-G1,8192,3,4,1
2026-09-06,Isaac-Velocity-Rough-H1,8192,3,4,1
2026-09-06,Isaac-Velocity-Rough-UnitreeGo2,8192,3,4,1
2026-09-13,Isaac-Ant-Direct,8192,3,4,1
2026-09-13,Isaac-Ant,8192,3,4,1
2026-09-13,Isaac-Cartpole-Direct,8192,3,4,1
2026-09-13,Isaac-Cartpole,8192,3,4,1
2026-09-13,Isaac-Cartpole-Camera-Direct,8192,3,4,1
2026-09-13,Isaac-Cartpole-Camera,8192,3,4,1
2026-09-13,Isaac-Fourbar-Pole-Swingup,8192,0,1,1
2026-09-13,Isaac-Humanoid-Direct,8192,3,3,0
2026-09-13,Isaac-Humanoid,8192,3,3,0
2026-09-13,Isaac-Lift-Cable-Franka,8192,0,1,1
2026-09-13,Isaac-Lift-Cable-Franka-Camera,8192,0,2,2
2026-09-13,Isaac-Lift-Cloth-Franka,8192,0,2,2
2026-09-13,Isaac-Lift-Cloth-Franka-Camera,8192,0,3,3
2026-09-13,Isaac-Lift-Franka,8192,3,3,0
2026-09-13,Isaac-Lift-KukaAllegro,8192,3,3,0
2026-09-13,Isaac-Lift-KukaAllegro-Camera,8192,3,4,1
2026-09-13,Isaac-Lift-Soft-Franka,8192,0,2,2
2026-09-13,Isaac-Lift-Soft-Franka-Camera,8192,0,3,3
2026-09-13,Isaac-Open-Drawer-Franka-Direct,8192,3,3,0
2026-09-13,Isaac-Open-Drawer-Franka,8192,3,3,0
2026-09-13,Isaac-Pendulum-MARL-Direct,8192,0,4,4
2026-09-13,Isaac-Reach-Franka,8192,3,3,0
2026-09-13,Isaac-Reach-Franka-OSC,8192,3,3,0
2026-09-13,Isaac-Reach-UR10,8192,3,3,0
2026-09-13,Isaac-Reorient-Cube-Allegro-Direct,8192,3,3,0
2026-09-13,Isaac-Reorient-Cube-Allegro,8192,3,3,0
2026-09-13,Isaac-Reorient-Cube-Shadow-Direct,8192,3,3,0
2026-09-13,Isaac-Reorient-Cube-Shadow,8192,3,3,0
2026-09-13,Isaac-Reorient-Cube-Shadow-Camera-Direct,8192,3,4,1
2026-09-13,Isaac-Reorient-Cube-Shadow-Camera,8192,3,4,1
2026-09-13,Isaac-Reorient-KukaAllegro,8192,3,3,0
2026-09-13,Isaac-Reorient-KukaAllegro-Camera,8192,3,4,1
2026-09-13,Isaac-Shadow-Handover-Direct,8192,3,3,0
2026-09-13,Isaac-Shadow-Handover,8192,0,3,3
2026-09-13,Isaac-Velocity-Flat-AnymalD,8192,3,4,1
2026-09-13,Isaac-Velocity-Flat-Cassie,8192,3,4,1
2026-09-13,Isaac-Velocity-Flat-G1,8192,3,4,1
2026-09-13,Isaac-Velocity-Flat-H1,8192,3,4,1
2026-09-13,Isaac-Velocity-Flat-UnitreeGo2,8192,3,4,1
2026-09-13,Isaac-Velocity-Rough-AnymalD,8192,3,4,1
2026-09-13,Isaac-Velocity-Rough-Cassie,8192,3,4,1
2026-09-13,Isaac-Velocity-Rough-G1,8192,3,4,1
2026-09-13,Isaac-Velocity-Rough-H1,8192,3,4,1
2026-09-13,Isaac-Velocity-Rough-UnitreeGo2,8192,3,4,1
2026-09-20,Isaac-Ant-Direct,8192,3,4,1
2026-09-20,Isaac-Ant,8192,3,4,1
2026-09-20,Isaac-Cartpole-Direct,8192,3,4,1
2026-09-20,Isaac-Cartpole,8192,3,4,1
2026-09-20,Isaac-Cartpole-Camera-Direct,8192,3,4,1
2026-09-20,Isaac-Cartpole-Camera,8192,3,4,1
2026-09-20,Isaac-Fourbar-Pole-Swingup,8192,0,1,1
2026-09-20,Isaac-Humanoid-Direct,8192,3,3,0
2026-09-20,Isaac-Humanoid,8192,3,3,0
2026-09-20,Isaac-Lift-Cable-Franka,8192,0,1,1
2026-09-20,Isaac-Lift-Cable-Franka-Camera,8192,0,2,2
2026-09-20,Isaac-Lift-Cloth-Franka,8192,0,2,2
2026-09-20,Isaac-Lift-Cloth-Franka-Camera,8192,0,3,3
2026-09-20,Isaac-Lift-Franka,8192,3,3,0
2026-09-20,Isaac-Lift-KukaAllegro,8192,3,3,0
2026-09-20,Isaac-Lift-KukaAllegro-Camera,8192,3,4,1
2026-09-20,Isaac-Lift-Soft-Franka,8192,0,2,2
2026-09-20,Isaac-Lift-Soft-Franka-Camera,8192,0,3,3
2026-09-20,Isaac-Open-Drawer-Franka-Direct,8192,3,3,0
2026-09-20,Isaac-Open-Drawer-Franka,8192,3,3,0
2026-09-20,Isaac-Pendulum-MARL-Direct,8192,0,4,4
2026-09-20,Isaac-Reach-Franka,8192,3,3,0
2026-09-20,Isaac-Reach-Franka-OSC,8192,3,3,0
2026-09-20,Isaac-Reach-UR10,8192,3,3,0
2026-09-20,Isaac-Reorient-Cube-Allegro-Direct,8192,3,3,0
2026-09-20,Isaac-Reorient-Cube-Allegro,8192,3,3,0
2026-09-20,Isaac-Reorient-Cube-Shadow-Direct,8192,3,3,0
2026-09-20,Isaac-Reorient-Cube-Shadow,8192,3,3,0
2026-09-20,Isaac-Reorient-Cube-Shadow-Camera-Direct,8192,3,4,1
2026-09-20,Isaac-Reorient-Cube-Shadow-Camera,8192,3,4,1
2026-09-20,Isaac-Reorient-KukaAllegro,8192,3,3,0
2026-09-20,Isaac-Reorient-KukaAllegro-Camera,8192,3,4,1
2026-09-20,Isaac-Shadow-Handover-Direct,8192,3,3,0
2026-09-20,Isaac-Shadow-Handover,8192,0,3,3
2026-09-20,Isaac-Velocity-Flat-AnymalD,8192,3,4,1
2026-09-20,Isaac-Velocity-Flat-Cassie,8192,3,4,1
2026-09-20,Isaac-Velocity-Flat-G1,8192,3,4,1
2026-09-20,Isaac-Velocity-Flat-H1,8192,3,4,1
2026-09-20,Isaac-Velocity-Flat-UnitreeGo2,8192,3,4,1
2026-09-20,Isaac-Velocity-Rough-AnymalD,8192,3,4,1
2026-09-20,Isaac-Velocity-Rough-Cassie,8192,3,4,1
2026-09-20,Isaac-Velocity-Rough-G1,8192,3,4,1
2026-09-20,Isaac-Velocity-Rough-H1,8192,3,4,1
2026-09-20,Isaac-Velocity-Rough-UnitreeGo2,8192,3,4,1
2026-09-27,Isaac-Ant-Direct,8192,3,4,1
2026-09-27,Isaac-Ant,8192,3,4,1
2026-09-27,Isaac-Cartpole-Direct,8192,3,4,1
2026-09-27,Isaac-Cartpole,8192,3,4,1
2026-09-27,Isaac-Cartpole-Camera-Direct,8192,3,4,1
2026-09-27,Isaac-Cartpole-Camera,8192,3,4,1
2026-09-27,Isaac-Fourbar-Pole-Swingup,8192,0,1,1
2026-09-27,Isaac-Humanoid-Direct,8192,3,3,0
2026-09-27,Isaac-Humanoid,8192,3,3,0
2026-09-27,Isaac-Lift-Cable-Franka,8192,0,1,1
2026-09-27,Isaac-Lift-Cable-Franka-Camera,8192,0,2,2
2026-09-27,Isaac-Lift-Cloth-Franka,8192,0,2,2
2026-09-27,Isaac-Lift-Cloth-Franka-Camera,8192,0,3,3
2026-09-27,Isaac-Lift-Franka,8192,3,3,0
2026-09-27,Isaac-Lift-KukaAllegro,8192,3,3,0
2026-09-27,Isaac-Lift-KukaAllegro-Camera,8192,3,4,1
2026-09-27,Isaac-Lift-Soft-Franka,8192,0,2,2
2026-09-27,Isaac-Lift-Soft-Franka-Camera,8192,0,3,3
2026-09-27,Isaac-Open-Drawer-Franka-Direct,8192,3,3,0
2026-09-27,Isaac-Open-Drawer-Franka,8192,3,3,0
2026-09-27,Isaac-Pendulum-MARL-Direct,8192,0,4,4
2026-09-27,Isaac-Reach-Franka,8192,3,3,0
2026-09-27,Isaac-Reach-Franka-OSC,8192,3,3,0
2026-09-27,Isaac-Reach-UR10,8192,3,3,0
2026-09-27,Isaac-Reorient-Cube-Allegro-Direct,8192,3,3,0
2026-09-27,Isaac-Reorient-Cube-Allegro,8192,3,3,0
2026-09-27,Isaac-Reorient-Cube-Shadow-Direct,8192,3,3,0
2026-09-27,Isaac-Reorient-Cube-Shadow,8192,3,3,0
2026-09-27,Isaac-Reorient-Cube-Shadow-Camera-Direct,8192,3,4,1
2026-09-27,Isaac-Reorient-Cube-Shadow-Camera,8192,3,4,1
2026-09-27,Isaac-Reorient-KukaAllegro,8192,3,3,0
2026-09-27,Isaac-Reorient-KukaAllegro-Camera,8192,3,4,1
2026-09-27,Isaac-Shadow-Handover-Direct,8192,3,3,0
2026-09-27,Isaac-Shadow-Handover,8192,0,3,3
2026-09-27,Isaac-Velocity-Flat-AnymalD,8192,3,4,1
2026-09-27,Isaac-Velocity-Flat-Cassie,8192,3,4,1
2026-09-27,Isaac-Velocity-Flat-G1,8192,3,4,1
2026-09-27,Isaac-Velocity-Flat-H1,8192,3,4,1
2026-09-27,Isaac-Velocity-Flat-UnitreeGo2,8192,3,4,1
2026-09-27,Isaac-Velocity-Rough-AnymalD,8192,3,4,1
2026-09-27,Isaac-Velocity-Rough-Cassie,8192,3,4,1
2026-09-27,Isaac-Velocity-Rough-G1,8192,3,4,1
2026-09-27,Isaac-Velocity-Rough-H1,8192,3,4,1
2026-09-27,Isaac-Velocity-Rough-UnitreeGo2,8192,3,4,1
2026-10-04,Isaac-Ant-Direct,8192,3,4,1
2026-10-04,Isaac-Ant,8192,3,4,1
2026-10-04,Isaac-Cartpole-Direct,8192,3,4,1
2026-10-04,Isaac-Cartpole,8192,3,4,1
2026-10-04,Isaac-Cartpole-Camera-Direct,8192,3,4,1
2026-10-04,Isaac-Cartpole-Camera,8192,3,4,1
2026-10-04,Isaac-Fourbar-Pole-Swingup,8192,0,1,1
2026-10-04,Isaac-Humanoid-Direct,8192,3,3,0
2026-10-04,Isaac-Humanoid,8192,3,3,0
2026-10-04,Isaac-Lift-Cable-Franka,8192,0,1,1
2026-10-04,Isaac-Lift-Cable-Franka-Camera,8192,0,2,2
2026-10-04,Isaac-Lift-Cloth-Franka,8192,0,2,2
2026-10-04,Isaac-Lift-Cloth-Franka-Camera,8192,0,3,3
2026-10-04,Isaac-Lift-Franka,8192,3,3,0
2026-10-04,Isaac-Lift-KukaAllegro,8192,3,3,0
2026-10-04,Isaac-Lift-KukaAllegro-Camera,8192,3,4,1
2026-10-04,Isaac-Lift-Soft-Franka,8192,0,2,2
2026-10-04,Isaac-Lift-Soft-Franka-Camera,8192,0,3,3
2026-10-04,Isaac-Open-Drawer-Franka-Direct,8192,3,3,0
2026-10-04,Isaac-Open-Drawer-Franka,8192,3,3,0
2026-10-04,Isaac-Pendulum-MARL-Direct,8192,0,4,4
2026-10-04,Isaac-Reach-Franka,8192,3,3,0
2026-10-04,Isaac-Reach-Franka-OSC,8192,3,3,0
2026-10-04,Isaac-Reach-UR10,8192,3,3,0
2026-10-04,Isaac-Reorient-Cube-Allegro-Direct,8192,3,3,0
2026-10-04,Isaac-Reorient-Cube-Allegro,8192,3,3,0
2026-10-04,Isaac-Reorient-Cube-Shadow-Direct,8192,3,3,0
2026-10-04,Isaac-Reorient-Cube-Shadow,8192,3,3,0
2026-10-04,Isaac-Reorient-Cube-Shadow-Camera-Direct,8192,3,4,1
2026-10-04,Isaac-Reorient-Cube-Shadow-Camera,8192,3,4,1
2026-10-04,Isaac-Reorient-KukaAllegro,8192,3,3,0
2026-10-04,Isaac-Reorient-KukaAllegro-Camera,8192,3,4,1
2026-10-04,Isaac-Shadow-Handover-Direct,8192,3,3,0
2026-10-04,Isaac-Shadow-Handover,8192,0,3,3
2026-10-04,Isaac-Velocity-Flat-AnymalD,8192,3,4,1
2026-10-04,Isaac-Velocity-Flat-Cassie,8192,3,4,1
2026-10-04,Isaac-Velocity-Flat-G1,8192,3,4,1
2026-10-04,Isaac-Velocity-Flat-H1,8192,3,4,1
2026-10-04,Isaac-Velocity-Flat-UnitreeGo2,8192,3,4,1
2026-10-04,Isaac-Velocity-Rough-AnymalD,8192,3,4,1
2026-10-04,Isaac-Velocity-Rough-Cassie,8192,3,4,1
2026-10-04,Isaac-Velocity-Rough-G1,8192,3,4,1
2026-10-04,Isaac-Velocity-Rough-H1,8192,3,4,1
2026-10-04,Isaac-Velocity-Rough-UnitreeGo2,8192,3,4,1
