benchmark_date_utc,data_origin,recorded_at_utc,task,workload,rl_library,physics_backend,rendering_backend,num_envs,seed,measured_iterations,total_fps_mean,total_fps_std,total_fps_peak,vram_mean_gb,vram_std_gb,vram_peak_gb,gpu_util_mean_pct,gpu_util_std_pct,gpu_name,gpu_memory_total_gb,cpu_name,physical_cpu_count,ram_total_gb,cuda_bindings_version,nvidia_driver_version,git_commit,source_record_id,measurement_timestamp,task_presets,comparison_group_name,source_entry_key,snapshot_date_utc,camera_resolution,quality_notes
2026-09-09,measured,2026-09-09T13:21:55.806114Z,Isaac-Ant,training,rsl_rl,isaacsim_physx,none,4096,42,10,221361.00,54176.09,244776.00,7.27,0.31,7.44,22.75,14.23,NVIDIA RTX PRO 6000 Blackwell Server Edition,94.97,INTEL(R) XEON(R) GOLD 5512U,56,251.36,12.9.7,NVIDIA-Linux-x86_64-595.58.03,cdaefc505308d97b5fd2289d8c997e4f307dd8b4,206494,2026-09-09T06:20:26.933109,,ISAAC_LAB_SINGLE_GPU_GTL_PRESET_PHYSX_EDEFAULT,benchmark_rsl_rl_Isaac-Ant_4096,2026-09-09,,dirty working tree reported
2026-09-09,measured,2026-09-09T13:30:48.416255Z,Isaac-Ant,training,rsl_rl,newton_mjwarp,none,4096,42,10,450814.30,129156.87,502559.00,1.47,0.36,1.73,25.40,22.96,NVIDIA RTX PRO 6000 Blackwell Server Edition,94.97,INTEL(R) XEON(R) GOLD 5512U,56,251.36,12.9.7,NVIDIA-Linux-x86_64-595.58.03,cdaefc505308d97b5fd2289d8c997e4f307dd8b4,206516,2026-09-09T06:29:51.774283,,ISAAC_LAB_SINGLE_GPU_GTL_PRESET_NEWTON_MJWARP_EDEFAULT,benchmark_rsl_rl_Isaac-Ant_4096,2026-09-09,,dirty working tree reported; FPS coefficient of variation >25%
2026-09-09,measured,2026-09-09T13:21:55.806114Z,Isaac-Ant-Direct,training,rsl_rl,isaacsim_physx,none,4096,42,10,259548.20,51186.00,283056.00,7.34,0.28,7.44,27.14,13.87,NVIDIA RTX PRO 6000 Blackwell Server Edition,94.97,INTEL(R) XEON(R) GOLD 5512U,56,251.36,12.9.7,NVIDIA-Linux-x86_64-595.58.03,cdaefc505308d97b5fd2289d8c997e4f307dd8b4,206494,2026-09-09T06:21:03.216572,,ISAAC_LAB_SINGLE_GPU_GTL_PRESET_PHYSX_EDEFAULT,benchmark_rsl_rl_Isaac-Ant-Direct_4096,2026-09-09,,dirty working tree reported
2026-09-09,measured,2026-09-09T13:30:48.416255Z,Isaac-Ant-Direct,training,rsl_rl,newton_mjwarp,none,4096,42,10,600243.40,152200.13,650567.00,1.55,0.35,1.73,37.75,24.88,NVIDIA RTX PRO 6000 Blackwell Server Edition,94.97,INTEL(R) XEON(R) GOLD 5512U,56,251.36,12.9.7,NVIDIA-Linux-x86_64-595.58.03,cdaefc505308d97b5fd2289d8c997e4f307dd8b4,206516,2026-09-09T06:30:10.838846,,ISAAC_LAB_SINGLE_GPU_GTL_PRESET_NEWTON_MJWARP_EDEFAULT,benchmark_rsl_rl_Isaac-Ant-Direct_4096,2026-09-09,,dirty working tree reported; FPS coefficient of variation >25%
2026-09-09,measured,2026-09-09T13:22:21.944703Z,Isaac-Cartpole,training,rsl_rl,isaacsim_physx,none,4096,42,10,271044.20,60262.12,306569.00,6.56,0.03,6.57,15.00,6.00,NVIDIA RTX PRO 6000 Blackwell Server Edition,94.97,INTEL(R) XEON(R) GOLD 5512U,56,251.36,12.9.7,NVIDIA-Linux-x86_64-595.58.03,cdaefc505308d97b5fd2289d8c997e4f307dd8b4,206495,2026-09-09T06:21:16.171917,,ISAAC_LAB_SINGLE_GPU_GTL_PRESET_PHYSX_EDEFAULT,benchmark_rsl_rl_Isaac-Cartpole_4096,2026-09-09,,dirty working tree reported
2026-09-09,measured,2026-09-09T13:30:01.641565Z,Isaac-Cartpole,training,rsl_rl,newton_mjwarp,none,4096,42,10,465279.70,120280.66,507513.00,0.88,0.06,0.91,15.33,13.28,NVIDIA RTX PRO 6000 Blackwell Server Edition,94.97,INTEL(R) XEON(R) GOLD 5512U,56,251.36,12.9.7,NVIDIA-Linux-x86_64-595.58.03,cdaefc505308d97b5fd2289d8c997e4f307dd8b4,206514,2026-09-09T06:29:08.833604,,ISAAC_LAB_SINGLE_GPU_GTL_PRESET_NEWTON_MJWARP_EDEFAULT,benchmark_rsl_rl_Isaac-Cartpole_4096,2026-09-09,,dirty working tree reported; FPS coefficient of variation >25%
2026-08-24,measured,2026-08-24T08:38:50.819615Z,Isaac-Cartpole-Camera,runtime,,isaacsim_physx,newton_renderer,512,,100,75022.28,11769.10,101185.49,6.24,0.00,6.24,19.00,1.41,NVIDIA RTX PRO 6000 Blackwell Server Edition,94.97,INTEL(R) XEON(R) GOLD 5512U,56,251.36,12.9.7,NVIDIA-Linux-x86_64-595.58.03,f86b4e1ad66e637e7770a727e181ffe150a2077b,157819,2026-08-24T01:38:13.653147,depth,ISAAC_LAB_SINGLE_GPU_GTL_PRESET_OVPHYSX_E16384,benchmark_non_rl_Isaac-Cartpole-Camera_512,2026-09-09,,older fallback; dirty working tree reported; resolved camera dimensions not recorded
2026-08-24,measured,2026-08-24T01:09:26.117111Z,Isaac-Cartpole-Camera,runtime,,isaacsim_physx,newton_renderer,512,,100,59917.90,6951.84,74133.86,6.40,0.00,6.40,28.00,0.00,NVIDIA RTX PRO 6000 Blackwell Server Edition,94.97,INTEL(R) XEON(R) GOLD 5512U,56,251.36,12.9.7,NVIDIA-Linux-x86_64-595.58.03,382b9244c47c3844d9915b6fc89390431f3e9844,156523,2026-08-23T18:08:50.324216,rgb,ISAAC_LAB_SINGLE_GPU_GTL_PRESET_OVPHYSX_E8192,benchmark_non_rl_Isaac-Cartpole-Camera_512,2026-09-09,,older fallback; dirty working tree reported; resolved camera dimensions not recorded
2026-08-27,measured,2026-08-27T02:04:58.906392Z,Isaac-Cartpole-Camera,training,rsl_rl,isaacsim_physx,newton_renderer,512,42,10,23960.70,6089.49,26575.00,13.85,0.36,14.05,38.94,28.72,NVIDIA RTX PRO 6000 Blackwell Server Edition,94.97,INTEL(R) XEON(R) GOLD 5512U,56,251.36,12.9.7,NVIDIA-Linux-x86_64-595.58.03,be547a5df7d305e0c9a3eec55023bf96d82a5dfc,165773,2026-08-26T19:04:06.439175,,ISAAC_LAB_SINGLE_GPU_GTL_PRESET_PHYSX_EDEFAULT,benchmark_rsl_rl_Isaac-Cartpole-Camera_512,2026-09-09,,older fallback; dirty working tree reported; resolved camera dimensions not recorded; resolved domain presets not recorded; FPS coefficient of variation >25%
2026-08-24,measured,2026-08-24T10:53:00.275849Z,Isaac-Cartpole-Camera,training,rsl_rl,isaacsim_physx,newton_renderer,512,42,10,27426.60,7144.53,30318.00,8.95,0.25,9.09,23.27,16.77,NVIDIA RTX PRO 6000 Blackwell Server Edition,94.97,INTEL(R) XEON(R) GOLD 5512U,56,251.36,12.9.7,NVIDIA-Linux-x86_64-595.58.03,f86b4e1ad66e637e7770a727e181ffe150a2077b,158168,2026-08-24T03:52:10.264990,depth,ISAAC_LAB_SINGLE_GPU_GTL_PRESET_OVPHYSX_E16384,benchmark_rsl_rl_Isaac-Cartpole-Camera_512,2026-09-09,,older fallback; dirty working tree reported; resolved camera dimensions not recorded; FPS coefficient of variation >25%
2026-08-24,measured,2026-08-24T10:51:23.849171Z,Isaac-Cartpole-Camera,training,rsl_rl,isaacsim_physx,newton_renderer,512,42,10,23716.70,5963.26,25976.00,13.90,0.41,14.66,32.29,25.76,NVIDIA RTX PRO 6000 Blackwell Server Edition,94.97,INTEL(R) XEON(R) GOLD 5512U,56,251.36,12.9.7,NVIDIA-Linux-x86_64-595.58.03,f86b4e1ad66e637e7770a727e181ffe150a2077b,158160,2026-08-24T03:50:32.953832,rgb,ISAAC_LAB_SINGLE_GPU_GTL_PRESET_OVPHYSX_E8192,benchmark_rsl_rl_Isaac-Cartpole-Camera_512,2026-09-09,,older fallback; dirty working tree reported; resolved camera dimensions not recorded; FPS coefficient of variation >25%
2026-08-24,measured,2026-08-24T08:38:50.819615Z,Isaac-Cartpole-Camera-Direct,runtime,,isaacsim_physx,newton_renderer,512,,100,86686.25,11943.02,119373.73,6.20,0.00,6.20,20.00,1.41,NVIDIA RTX PRO 6000 Blackwell Server Edition,94.97,INTEL(R) XEON(R) GOLD 5512U,56,251.36,12.9.7,NVIDIA-Linux-x86_64-595.58.03,f86b4e1ad66e637e7770a727e181ffe150a2077b,157819,2026-08-24T01:37:57.629379,depth,ISAAC_LAB_SINGLE_GPU_GTL_PRESET_OVPHYSX_E16384,benchmark_non_rl_Isaac-Cartpole-Camera-Direct_512,2026-09-09,,older fallback; dirty working tree reported; resolved camera dimensions not recorded
2026-08-24,measured,2026-08-24T08:37:09.788053Z,Isaac-Cartpole-Camera-Direct,runtime,,isaacsim_physx,newton_renderer,512,,100,83580.62,13525.08,122135.10,6.30,0.00,6.30,28.50,0.71,NVIDIA RTX PRO 6000 Blackwell Server Edition,94.97,INTEL(R) XEON(R) GOLD 5512U,56,251.36,12.9.7,NVIDIA-Linux-x86_64-595.58.03,f86b4e1ad66e637e7770a727e181ffe150a2077b,157809,2026-08-24T01:36:24.839418,rgb,ISAAC_LAB_SINGLE_GPU_GTL_PRESET_OVPHYSX_E8192,benchmark_non_rl_Isaac-Cartpole-Camera-Direct_512,2026-09-09,,older fallback; dirty working tree reported; resolved camera dimensions not recorded
2026-08-27,measured,2026-08-27T02:04:58.906392Z,Isaac-Cartpole-Camera-Direct,training,rsl_rl,isaacsim_physx,newton_renderer,512,42,10,25830.30,6731.11,28489.00,13.88,0.44,14.13,36.56,27.52,NVIDIA RTX PRO 6000 Blackwell Server Edition,94.97,INTEL(R) XEON(R) GOLD 5512U,56,251.36,12.9.7,NVIDIA-Linux-x86_64-595.58.03,be547a5df7d305e0c9a3eec55023bf96d82a5dfc,165773,2026-08-26T19:03:33.551047,,ISAAC_LAB_SINGLE_GPU_GTL_PRESET_PHYSX_EDEFAULT,benchmark_rsl_rl_Isaac-Cartpole-Camera-Direct_512,2026-09-09,,older fallback; dirty working tree reported; resolved camera dimensions not recorded; resolved domain presets not recorded; FPS coefficient of variation >25%
2026-08-24,measured,2026-08-24T10:53:00.275849Z,Isaac-Cartpole-Camera-Direct,training,rsl_rl,isaacsim_physx,newton_renderer,512,42,10,29911.80,8033.29,33522.00,8.99,0.27,9.15,37.87,28.26,NVIDIA RTX PRO 6000 Blackwell Server Edition,94.97,INTEL(R) XEON(R) GOLD 5512U,56,251.36,12.9.7,NVIDIA-Linux-x86_64-595.58.03,f86b4e1ad66e637e7770a727e181ffe150a2077b,158168,2026-08-24T03:51:39.199587,depth,ISAAC_LAB_SINGLE_GPU_GTL_PRESET_OVPHYSX_E16384,benchmark_rsl_rl_Isaac-Cartpole-Camera-Direct_512,2026-09-09,,older fallback; dirty working tree reported; resolved camera dimensions not recorded; FPS coefficient of variation >25%
2026-08-24,measured,2026-08-24T10:51:38.756908Z,Isaac-Cartpole-Camera-Direct,training,rsl_rl,isaacsim_physx,newton_renderer,512,42,10,26428.60,6910.20,28967.00,13.92,0.48,14.72,43.00,28.71,NVIDIA RTX PRO 6000 Blackwell Server Edition,94.97,INTEL(R) XEON(R) GOLD 5512U,56,251.36,12.9.7,NVIDIA-Linux-x86_64-595.58.03,f86b4e1ad66e637e7770a727e181ffe150a2077b,158161,2026-08-24T03:50:47.157279,rgb,ISAAC_LAB_SINGLE_GPU_GTL_PRESET_OVPHYSX_E8192,benchmark_rsl_rl_Isaac-Cartpole-Camera-Direct_512,2026-09-09,,older fallback; dirty working tree reported; resolved camera dimensions not recorded; FPS coefficient of variation >25%
2026-09-09,measured,2026-09-09T13:22:21.944703Z,Isaac-Cartpole-Direct,training,rsl_rl,isaacsim_physx,none,4096,42,10,284473.60,66076.83,314391.00,6.56,0.03,6.57,14.25,5.50,NVIDIA RTX PRO 6000 Blackwell Server Edition,94.97,INTEL(R) XEON(R) GOLD 5512U,56,251.36,12.9.7,NVIDIA-Linux-x86_64-595.58.03,cdaefc505308d97b5fd2289d8c997e4f307dd8b4,206495,2026-09-09T06:21:39.375896,,ISAAC_LAB_SINGLE_GPU_GTL_PRESET_PHYSX_EDEFAULT,benchmark_rsl_rl_Isaac-Cartpole-Direct_4096,2026-09-09,,dirty working tree reported
2026-09-09,measured,2026-09-09T13:31:53.455560Z,Isaac-Cartpole-Direct,training,rsl_rl,newton_mjwarp,none,4096,42,10,542050.80,147879.06,591658.00,0.88,0.06,0.91,15.67,13.58,NVIDIA RTX PRO 6000 Blackwell Server Edition,94.97,INTEL(R) XEON(R) GOLD 5512U,56,251.36,12.9.7,NVIDIA-Linux-x86_64-595.58.03,cdaefc505308d97b5fd2289d8c997e4f307dd8b4,206521,2026-09-09T06:31:16.933718,,ISAAC_LAB_SINGLE_GPU_GTL_PRESET_NEWTON_MJWARP_EDEFAULT,benchmark_rsl_rl_Isaac-Cartpole-Direct_4096,2026-09-09,,dirty working tree reported; FPS coefficient of variation >25%
2026-09-09,measured,2026-09-09T13:26:20.446584Z,Isaac-Humanoid,training,rsl_rl,isaacsim_physx,none,4096,42,10,161859.00,35426.52,181390.00,7.85,0.34,8.01,23.20,16.51,NVIDIA RTX PRO 6000 Blackwell Server Edition,94.97,INTEL(R) XEON(R) GOLD 5512U,56,251.36,12.9.7,NVIDIA-Linux-x86_64-595.58.03,cdaefc505308d97b5fd2289d8c997e4f307dd8b4,206503,2026-09-09T06:24:29.810433,,ISAAC_LAB_SINGLE_GPU_GTL_PRESET_PHYSX_EDEFAULT,benchmark_rsl_rl_Isaac-Humanoid_4096,2026-09-09,,dirty working tree reported
2026-09-09,measured,2026-09-09T13:33:15.385103Z,Isaac-Humanoid,training,rsl_rl,newton_mjwarp,none,4096,42,10,324421.80,86730.06,353675.00,1.88,0.37,2.11,37.83,27.43,NVIDIA RTX PRO 6000 Blackwell Server Edition,94.97,INTEL(R) XEON(R) GOLD 5512U,56,251.36,12.9.7,NVIDIA-Linux-x86_64-595.58.03,cdaefc505308d97b5fd2289d8c997e4f307dd8b4,206526,2026-09-09T06:32:13.769128,,ISAAC_LAB_SINGLE_GPU_GTL_PRESET_NEWTON_MJWARP_EDEFAULT,benchmark_rsl_rl_Isaac-Humanoid_4096,2026-09-09,,dirty working tree reported; FPS coefficient of variation >25%
2026-09-09,measured,2026-09-09T13:26:20.446584Z,Isaac-Humanoid-Direct,training,rsl_rl,isaacsim_physx,none,4096,42,10,184504.40,31041.23,199282.00,7.81,0.38,8.01,26.37,11.17,NVIDIA RTX PRO 6000 Blackwell Server Edition,94.97,INTEL(R) XEON(R) GOLD 5512U,56,251.36,12.9.7,NVIDIA-Linux-x86_64-595.58.03,cdaefc505308d97b5fd2289d8c997e4f307dd8b4,206503,2026-09-09T06:25:17.185014,,ISAAC_LAB_SINGLE_GPU_GTL_PRESET_PHYSX_EDEFAULT,benchmark_rsl_rl_Isaac-Humanoid-Direct_4096,2026-09-09,,dirty working tree reported
2026-09-09,measured,2026-09-09T13:35:08.562390Z,Isaac-Humanoid-Direct,training,rsl_rl,newton_mjwarp,none,4096,42,10,403811.50,89193.77,433243.00,1.96,0.34,2.11,51.00,28.03,NVIDIA RTX PRO 6000 Blackwell Server Edition,94.97,INTEL(R) XEON(R) GOLD 5512U,56,251.36,12.9.7,NVIDIA-Linux-x86_64-595.58.03,cdaefc505308d97b5fd2289d8c997e4f307dd8b4,206529,2026-09-09T06:34:26.732848,,ISAAC_LAB_SINGLE_GPU_GTL_PRESET_NEWTON_MJWARP_EDEFAULT,benchmark_rsl_rl_Isaac-Humanoid-Direct_4096,2026-09-09,,dirty working tree reported
2026-09-09,measured,2026-09-09T13:26:11.028761Z,Isaac-Lift-Franka,training,rsl_rl,isaacsim_physx,none,4096,42,10,89989.00,12829.37,97577.00,11.21,0.38,11.36,42.07,13.13,NVIDIA RTX PRO 6000 Blackwell Server Edition,94.97,INTEL(R) XEON(R) GOLD 5512U,56,251.36,12.9.7,NVIDIA-Linux-x86_64-595.58.03,cdaefc505308d97b5fd2289d8c997e4f307dd8b4,206501,2026-09-09T06:23:53.104745,,ISAAC_LAB_SINGLE_GPU_GTL_PRESET_PHYSX_EDEFAULT,benchmark_rsl_rl_Isaac-Lift-Franka_4096,2026-09-09,,dirty working tree reported
2026-09-09,measured,2026-09-09T13:35:30.722873Z,Isaac-Lift-Franka,training,rsl_rl,newton_mjwarp,none,4096,42,10,160555.40,28695.92,171312.00,3.80,0.50,4.04,52.70,19.84,NVIDIA RTX PRO 6000 Blackwell Server Edition,94.97,INTEL(R) XEON(R) GOLD 5512U,56,251.36,12.9.7,NVIDIA-Linux-x86_64-595.58.03,cdaefc505308d97b5fd2289d8c997e4f307dd8b4,206530,2026-09-09T06:34:35.118535,,ISAAC_LAB_SINGLE_GPU_GTL_PRESET_NEWTON_MJWARP_EDEFAULT,benchmark_rsl_rl_Isaac-Lift-Franka_4096,2026-09-09,,dirty working tree reported
2026-08-27,measured,2026-08-27T01:58:32.777866Z,Isaac-Lift-KukaAllegro,training,rsl_rl,isaacsim_physx,newton_renderer,4096,42,10,42269.40,2916.81,44158.00,12.19,0.52,12.39,67.66,15.03,NVIDIA RTX PRO 6000 Blackwell Server Edition,94.97,INTEL(R) XEON(R) GOLD 5512U,56,251.36,12.9.7,NVIDIA-Linux-x86_64-595.58.03,be547a5df7d305e0c9a3eec55023bf96d82a5dfc,165753,2026-08-26T18:55:56.132185,,ISAAC_LAB_SINGLE_GPU_GTL_PRESET_PHYSX_EDEFAULT,benchmark_rsl_rl_Isaac-Lift-KukaAllegro_4096,2026-09-09,,older fallback; dirty working tree reported
2026-09-09,measured,2026-09-09T13:27:29.200294Z,Isaac-Lift-KukaAllegro,training,rsl_rl,isaacsim_physx,none,4096,42,10,41224.80,3171.11,43407.00,12.16,0.51,12.36,69.63,14.70,NVIDIA RTX PRO 6000 Blackwell Server Edition,94.97,INTEL(R) XEON(R) GOLD 5512U,56,251.36,12.9.7,NVIDIA-Linux-x86_64-595.58.03,cdaefc505308d97b5fd2289d8c997e4f307dd8b4,206505,2026-09-09T06:24:48.353817,,ISAAC_LAB_SINGLE_GPU_GTL_PRESET_PHYSX_EDEFAULT,benchmark_rsl_rl_Isaac-Lift-KukaAllegro_4096,2026-09-09,,dirty working tree reported
2026-09-09,measured,2026-09-09T13:37:41.497176Z,Isaac-Lift-KukaAllegro,training,rsl_rl,newton_mjwarp,none,4096,42,10,89797.30,12046.31,94646.00,14.32,0.77,14.65,68.69,20.13,NVIDIA RTX PRO 6000 Blackwell Server Edition,94.97,INTEL(R) XEON(R) GOLD 5512U,56,251.36,12.9.7,NVIDIA-Linux-x86_64-595.58.03,cdaefc505308d97b5fd2289d8c997e4f307dd8b4,206532,2026-09-09T06:36:28.294642,,ISAAC_LAB_SINGLE_GPU_GTL_PRESET_NEWTON_MJWARP_EDEFAULT,benchmark_rsl_rl_Isaac-Lift-KukaAllegro_4096,2026-09-09,,dirty working tree reported
2026-08-24,measured,2026-08-24T08:41:13.028222Z,Isaac-Lift-KukaAllegro-Camera,runtime,,isaacsim_physx,newton_renderer,4096,,100,47313.21,4443.68,56535.75,10.88,0.00,10.88,65.11,24.24,NVIDIA RTX PRO 6000 Blackwell Server Edition,94.97,INTEL(R) XEON(R) GOLD 5512U,56,251.36,12.9.7,NVIDIA-Linux-x86_64-595.58.03,f86b4e1ad66e637e7770a727e181ffe150a2077b,157828,2026-08-24T01:37:29.868361,"cube,depth64,duo_camera",ISAAC_LAB_SINGLE_GPU_GTL_PRESET_OVPHYSX_E16384,benchmark_non_rl_Isaac-Lift-KukaAllegro-Camera_cube_duo_camera_depth64_4096,2026-09-09,,older fallback; dirty working tree reported; resolved camera dimensions not recorded
2026-08-24,measured,2026-08-24T08:41:24.964683Z,Isaac-Lift-KukaAllegro-Camera,runtime,,isaacsim_physx,newton_renderer,4096,,100,44353.11,5397.21,52848.46,10.66,0.00,10.66,74.60,2.12,NVIDIA RTX PRO 6000 Blackwell Server Edition,94.97,INTEL(R) XEON(R) GOLD 5512U,56,251.36,12.9.7,NVIDIA-Linux-x86_64-595.58.03,f86b4e1ad66e637e7770a727e181ffe150a2077b,157830,2026-08-24T01:38:05.499989,"cube,depth64,single_camera",ISAAC_LAB_SINGLE_GPU_GTL_PRESET_OVPHYSX_E16384,benchmark_non_rl_Isaac-Lift-KukaAllegro-Camera_cube_single_camera_depth64_4096,2026-09-09,,older fallback; dirty working tree reported; resolved camera dimensions not recorded
2026-08-24,measured,2026-08-24T08:38:33.426361Z,Isaac-Lift-KukaAllegro-Camera,runtime,,isaacsim_physx,newton_renderer,4096,,100,44871.37,3679.94,51033.76,11.44,0.00,11.44,73.90,3.48,NVIDIA RTX PRO 6000 Blackwell Server Edition,94.97,INTEL(R) XEON(R) GOLD 5512U,56,251.36,12.9.7,NVIDIA-Linux-x86_64-595.58.03,f86b4e1ad66e637e7770a727e181ffe150a2077b,157816,2026-08-24T01:34:44.694746,"cube,duo_camera,rgb64",ISAAC_LAB_SINGLE_GPU_GTL_PRESET_OVPHYSX_E8192,benchmark_non_rl_Isaac-Lift-KukaAllegro-Camera_cube_duo_camera_rgb64_4096,2026-09-09,,older fallback; dirty working tree reported; resolved camera dimensions not recorded
2026-08-24,measured,2026-08-24T08:36:17.973863Z,Isaac-Lift-KukaAllegro-Camera,runtime,,isaacsim_physx,newton_renderer,4096,,100,46301.69,3945.67,54032.39,11.00,0.00,11.00,74.11,3.33,NVIDIA RTX PRO 6000 Blackwell Server Edition,94.97,INTEL(R) XEON(R) GOLD 5512U,56,251.36,12.9.7,NVIDIA-Linux-x86_64-595.58.03,f86b4e1ad66e637e7770a727e181ffe150a2077b,157805,2026-08-24T01:32:53.938742,"cube,rgb64,single_camera",ISAAC_LAB_SINGLE_GPU_GTL_PRESET_OVPHYSX_E8192,benchmark_non_rl_Isaac-Lift-KukaAllegro-Camera_cube_single_camera_rgb64_4096,2026-09-09,,older fallback; dirty working tree reported; resolved camera dimensions not recorded
2026-08-27,measured,2026-08-27T01:58:32.777866Z,Isaac-Lift-KukaAllegro-Camera,training,rsl_rl,isaacsim_physx,newton_renderer,4096,42,10,38925.20,6576.81,42472.00,20.96,1.63,21.72,63.39,21.43,NVIDIA RTX PRO 6000 Blackwell Server Edition,94.97,INTEL(R) XEON(R) GOLD 5512U,56,251.36,12.9.7,NVIDIA-Linux-x86_64-595.58.03,be547a5df7d305e0c9a3eec55023bf96d82a5dfc,165753,2026-08-26T18:52:21.966415,,ISAAC_LAB_SINGLE_GPU_GTL_PRESET_PHYSX_EDEFAULT,benchmark_rsl_rl_Isaac-Lift-KukaAllegro-Camera_4096,2026-09-09,,older fallback; dirty working tree reported; resolved camera dimensions not recorded; resolved domain presets not recorded
2026-08-24,measured,2026-08-24T10:55:28.239394Z,Isaac-Lift-KukaAllegro-Camera,training,rsl_rl,isaacsim_physx,newton_renderer,4096,42,10,32834.90,7132.15,35705.00,17.96,1.24,18.60,65.32,26.29,NVIDIA RTX PRO 6000 Blackwell Server Edition,94.97,INTEL(R) XEON(R) GOLD 5512U,56,251.36,12.9.7,NVIDIA-Linux-x86_64-595.58.03,f86b4e1ad66e637e7770a727e181ffe150a2077b,158176,2026-08-24T03:51:17.987819,"cube,depth64,duo_camera",ISAAC_LAB_SINGLE_GPU_GTL_PRESET_OVPHYSX_E16384,benchmark_rsl_rl_Isaac-Lift-KukaAllegro-Camera_cube_duo_camera_depth64_4096,2026-09-09,,older fallback; dirty working tree reported; resolved camera dimensions not recorded
2026-08-24,measured,2026-08-24T10:55:39.382552Z,Isaac-Lift-KukaAllegro-Camera,training,rsl_rl,isaacsim_physx,newton_renderer,4096,42,10,34567.90,7658.56,38129.00,15.16,1.01,15.70,63.64,24.59,NVIDIA RTX PRO 6000 Blackwell Server Edition,94.97,INTEL(R) XEON(R) GOLD 5512U,56,251.36,12.9.7,NVIDIA-Linux-x86_64-595.58.03,f86b4e1ad66e637e7770a727e181ffe150a2077b,158177,2026-08-24T03:51:52.516656,"cube,depth64,single_camera",ISAAC_LAB_SINGLE_GPU_GTL_PRESET_OVPHYSX_E16384,benchmark_rsl_rl_Isaac-Lift-KukaAllegro-Camera_cube_single_camera_depth64_4096,2026-09-09,,older fallback; dirty working tree reported; resolved camera dimensions not recorded
2026-08-24,measured,2026-08-24T10:52:22.072515Z,Isaac-Lift-KukaAllegro-Camera,training,rsl_rl,isaacsim_physx,newton_renderer,4096,42,10,29405.00,6084.98,32123.00,27.69,1.78,28.59,70.40,23.27,NVIDIA RTX PRO 6000 Blackwell Server Edition,94.97,INTEL(R) XEON(R) GOLD 5512U,56,251.36,12.9.7,NVIDIA-Linux-x86_64-595.58.03,f86b4e1ad66e637e7770a727e181ffe150a2077b,158165,2026-08-24T03:48:06.928858,"cube,duo_camera,rgb64",ISAAC_LAB_SINGLE_GPU_GTL_PRESET_OVPHYSX_E8192,benchmark_rsl_rl_Isaac-Lift-KukaAllegro-Camera_cube_duo_camera_rgb64_4096,2026-09-09,,older fallback; dirty working tree reported; resolved camera dimensions not recorded
2026-08-24,measured,2026-08-24T10:52:20.784245Z,Isaac-Lift-KukaAllegro-Camera,training,rsl_rl,isaacsim_physx,newton_renderer,4096,42,10,33467.20,7337.32,36782.00,19.41,1.01,19.95,64.95,24.85,NVIDIA RTX PRO 6000 Blackwell Server Edition,94.97,INTEL(R) XEON(R) GOLD 5512U,56,251.36,12.9.7,NVIDIA-Linux-x86_64-595.58.03,f86b4e1ad66e637e7770a727e181ffe150a2077b,158164,2026-08-24T03:48:34.810737,"cube,rgb64,single_camera",ISAAC_LAB_SINGLE_GPU_GTL_PRESET_OVPHYSX_E8192,benchmark_rsl_rl_Isaac-Lift-KukaAllegro-Camera_cube_single_camera_rgb64_4096,2026-09-09,,older fallback; dirty working tree reported; resolved camera dimensions not recorded
2026-09-09,measured,2026-09-09T13:27:57.346679Z,Isaac-Open-Drawer-Franka,training,rsl_rl,isaacsim_physx,none,4096,42,10,164799.60,10786.04,171951.00,8.94,0.42,9.09,49.67,10.59,NVIDIA RTX PRO 6000 Blackwell Server Edition,94.97,INTEL(R) XEON(R) GOLD 5512U,56,251.36,12.9.7,NVIDIA-Linux-x86_64-595.58.03,cdaefc505308d97b5fd2289d8c997e4f307dd8b4,206507,2026-09-09T06:24:56.658707,,ISAAC_LAB_SINGLE_GPU_GTL_PRESET_PHYSX_EDEFAULT,benchmark_rsl_rl_Isaac-Open-Drawer-Franka_4096,2026-09-09,,dirty working tree reported
2026-09-09,measured,2026-09-09T13:45:21.933515Z,Isaac-Open-Drawer-Franka,training,rsl_rl,newton_mjwarp,none,4096,42,10,208328.80,14634.70,214405.00,4.24,0.77,4.51,69.75,16.51,NVIDIA RTX PRO 6000 Blackwell Server Edition,94.97,INTEL(R) XEON(R) GOLD 5512U,56,251.36,12.9.7,NVIDIA-Linux-x86_64-595.58.03,cdaefc505308d97b5fd2289d8c997e4f307dd8b4,206558,2026-09-09T06:43:50.853705,,ISAAC_LAB_SINGLE_GPU_GTL_PRESET_NEWTON_MJWARP_EDEFAULT,benchmark_rsl_rl_Isaac-Open-Drawer-Franka_4096,2026-09-09,,dirty working tree reported
2026-09-09,measured,2026-09-09T13:27:57.346679Z,Isaac-Open-Drawer-Franka-Direct,training,rsl_rl,isaacsim_physx,none,4096,42,10,163098.30,14021.96,172958.00,8.93,0.42,9.09,50.58,11.12,NVIDIA RTX PRO 6000 Blackwell Server Edition,94.97,INTEL(R) XEON(R) GOLD 5512U,56,251.36,12.9.7,NVIDIA-Linux-x86_64-595.58.03,cdaefc505308d97b5fd2289d8c997e4f307dd8b4,206507,2026-09-09T06:26:18.074708,,ISAAC_LAB_SINGLE_GPU_GTL_PRESET_PHYSX_EDEFAULT,benchmark_rsl_rl_Isaac-Open-Drawer-Franka-Direct_4096,2026-09-09,,dirty working tree reported
2026-09-09,measured,2026-09-09T13:45:21.933515Z,Isaac-Open-Drawer-Franka-Direct,training,rsl_rl,newton_mjwarp,none,4096,42,10,213626.30,16937.12,221061.00,4.20,0.77,4.48,70.55,16.71,NVIDIA RTX PRO 6000 Blackwell Server Edition,94.97,INTEL(R) XEON(R) GOLD 5512U,56,251.36,12.9.7,NVIDIA-Linux-x86_64-595.58.03,cdaefc505308d97b5fd2289d8c997e4f307dd8b4,206558,2026-09-09T06:44:26.681394,,ISAAC_LAB_SINGLE_GPU_GTL_PRESET_NEWTON_MJWARP_EDEFAULT,benchmark_rsl_rl_Isaac-Open-Drawer-Franka-Direct_4096,2026-09-09,,dirty working tree reported
2026-09-09,measured,2026-09-09T13:28:27.099547Z,Isaac-Reach-Franka,training,rsl_rl,isaacsim_physx,none,4096,42,10,129261.80,32885.19,145625.00,7.24,0.05,7.27,28.10,13.16,NVIDIA RTX PRO 6000 Blackwell Server Edition,94.97,INTEL(R) XEON(R) GOLD 5512U,56,251.36,12.9.7,NVIDIA-Linux-x86_64-595.58.03,cdaefc505308d97b5fd2289d8c997e4f307dd8b4,206509,2026-09-09T06:25:01.167143,,ISAAC_LAB_SINGLE_GPU_GTL_PRESET_PHYSX_EDEFAULT,benchmark_rsl_rl_Isaac-Reach-Franka_4096,2026-09-09,,dirty working tree reported; FPS coefficient of variation >25%
2026-09-09,measured,2026-09-09T13:38:05.466627Z,Isaac-Reach-Franka,training,rsl_rl,newton_mjwarp,none,4096,42,10,263084.70,76515.36,288583.00,1.67,0.23,1.77,37.86,28.39,NVIDIA RTX PRO 6000 Blackwell Server Edition,94.97,INTEL(R) XEON(R) GOLD 5512U,56,251.36,12.9.7,NVIDIA-Linux-x86_64-595.58.03,cdaefc505308d97b5fd2289d8c997e4f307dd8b4,206535,2026-09-09T06:36:54.511031,,ISAAC_LAB_SINGLE_GPU_GTL_PRESET_NEWTON_MJWARP_EDEFAULT,benchmark_rsl_rl_Isaac-Reach-Franka_4096,2026-09-09,,dirty working tree reported; FPS coefficient of variation >25%
2026-09-09,measured,2026-09-09T13:28:27.099547Z,Isaac-Reach-Franka-OSC,training,rsl_rl,isaacsim_physx,none,4096,42,10,89818.80,20697.79,98485.00,7.32,0.04,7.34,22.31,12.59,NVIDIA RTX PRO 6000 Blackwell Server Edition,94.97,INTEL(R) XEON(R) GOLD 5512U,56,251.36,12.9.7,NVIDIA-Linux-x86_64-595.58.03,cdaefc505308d97b5fd2289d8c997e4f307dd8b4,206509,2026-09-09T06:26:31.266384,,ISAAC_LAB_SINGLE_GPU_GTL_PRESET_PHYSX_EDEFAULT,benchmark_rsl_rl_Isaac-Reach-Franka-OSC_4096,2026-09-09,,dirty working tree reported
2026-09-09,measured,2026-09-09T13:38:10.169164Z,Isaac-Reach-Franka-OSC,training,rsl_rl,newton_mjwarp,none,4096,42,10,129055.10,32483.84,139934.00,1.71,0.19,1.79,36.10,25.41,NVIDIA RTX PRO 6000 Blackwell Server Edition,94.97,INTEL(R) XEON(R) GOLD 5512U,56,251.36,12.9.7,NVIDIA-Linux-x86_64-595.58.03,cdaefc505308d97b5fd2289d8c997e4f307dd8b4,206536,2026-09-09T06:37:21.726020,,ISAAC_LAB_SINGLE_GPU_GTL_PRESET_NEWTON_MJWARP_EDEFAULT,benchmark_rsl_rl_Isaac-Reach-Franka-OSC_4096,2026-09-09,,dirty working tree reported; FPS coefficient of variation >25%
2026-09-09,measured,2026-09-09T13:28:22.901042Z,Isaac-Reach-UR10,training,rsl_rl,isaacsim_physx,none,4096,42,10,131570.30,33407.86,147528.00,7.47,0.36,7.65,40.60,19.57,NVIDIA RTX PRO 6000 Blackwell Server Edition,94.97,INTEL(R) XEON(R) GOLD 5512U,56,251.36,12.9.7,NVIDIA-Linux-x86_64-595.58.03,cdaefc505308d97b5fd2289d8c997e4f307dd8b4,206508,2026-09-09T06:27:24.107024,,ISAAC_LAB_SINGLE_GPU_GTL_PRESET_PHYSX_EDEFAULT,benchmark_rsl_rl_Isaac-Reach-UR10_4096,2026-09-09,,dirty working tree reported; FPS coefficient of variation >25%
2026-09-09,measured,2026-09-09T13:39:23.597952Z,Isaac-Reach-UR10,training,rsl_rl,newton_mjwarp,none,4096,42,10,286434.10,84408.56,321021.00,1.73,0.38,1.90,33.83,27.04,NVIDIA RTX PRO 6000 Blackwell Server Edition,94.97,INTEL(R) XEON(R) GOLD 5512U,56,251.36,12.9.7,NVIDIA-Linux-x86_64-595.58.03,cdaefc505308d97b5fd2289d8c997e4f307dd8b4,206539,2026-09-09T06:38:43.568592,,ISAAC_LAB_SINGLE_GPU_GTL_PRESET_NEWTON_MJWARP_EDEFAULT,benchmark_rsl_rl_Isaac-Reach-UR10_4096,2026-09-09,,dirty working tree reported; FPS coefficient of variation >25%
2026-09-09,measured,2026-09-09T07:18:28.367145Z,Isaac-Reorient-Cube-Allegro,runtime,,isaacsim_physx,none,8192,,100,126163.84,12051.72,136769.26,9.18,0.00,9.18,52.00,1.73,NVIDIA RTX PRO 6000 Blackwell Server Edition,94.97,INTEL(R) XEON(R) GOLD 5512U,56,251.36,12.9.7,NVIDIA-Linux-x86_64-595.58.03,cdaefc505308d97b5fd2289d8c997e4f307dd8b4,205595,2026-09-09T00:14:15.473519,,ISAAC_LAB_SINGLE_GPU_GTL_PRESET_PHYSX_E8192,benchmark_non_rl_Isaac-Reorient-Cube-Allegro_8192,2026-09-09,,dirty working tree reported
2026-09-09,measured,2026-09-09T08:49:14.265865Z,Isaac-Reorient-Cube-Allegro,runtime,,newton_mjwarp,none,8192,,100,192180.33,2168.15,196449.63,7.25,0.00,7.25,90.83,1.72,NVIDIA RTX PRO 6000 Blackwell Server Edition,94.97,INTEL(R) XEON(R) GOLD 5512U,56,251.36,12.9.7,NVIDIA-Linux-x86_64-595.58.03,cdaefc505308d97b5fd2289d8c997e4f307dd8b4,205845,2026-09-09T01:48:04.235476,,ISAAC_LAB_SINGLE_GPU_GTL_PRESET_NEWTON_MJWARP_E8192,benchmark_non_rl_Isaac-Reorient-Cube-Allegro_8192,2026-09-09,,dirty working tree reported
2026-09-09,measured,2026-09-09T09:28:59.045432Z,Isaac-Reorient-Cube-Allegro,runtime,,ovphysx,none,8192,,100,105273.72,3130.63,114387.43,6.35,0.00,6.35,41.11,3.98,NVIDIA RTX PRO 6000 Blackwell Server Edition,94.97,INTEL(R) XEON(R) GOLD 5512U,56,251.36,12.9.7,NVIDIA-Linux-x86_64-595.58.03,cdaefc505308d97b5fd2289d8c997e4f307dd8b4,205949,2026-09-09T02:25:38.404204,,ISAAC_LAB_SINGLE_GPU_GTL_PRESET_OVPHYSX_E8192,benchmark_non_rl_Isaac-Reorient-Cube-Allegro_8192,2026-09-09,,dirty working tree reported
2026-09-09,measured,2026-09-09T11:20:37.517202Z,Isaac-Reorient-Cube-Allegro,training,rsl_rl,isaacsim_physx,none,8192,42,10,112142.50,13009.27,119154.00,10.06,0.57,10.31,49.35,13.94,NVIDIA RTX PRO 6000 Blackwell Server Edition,94.97,INTEL(R) XEON(R) GOLD 5512U,56,251.36,12.9.7,NVIDIA-Linux-x86_64-595.58.03,cdaefc505308d97b5fd2289d8c997e4f307dd8b4,206257,2026-09-09T04:16:13.750102,,ISAAC_LAB_SINGLE_GPU_GTL_PRESET_PHYSX_E8192,benchmark_rsl_rl_Isaac-Reorient-Cube-Allegro_8192,2026-09-09,,dirty working tree reported
2026-09-09,measured,2026-09-09T12:22:47.170608Z,Isaac-Reorient-Cube-Allegro,training,rsl_rl,newton_mjwarp,none,8192,42,10,169641.50,19955.28,178946.00,8.02,1.87,8.63,83.00,24.97,NVIDIA RTX PRO 6000 Blackwell Server Edition,94.97,INTEL(R) XEON(R) GOLD 5512U,56,251.36,12.9.7,NVIDIA-Linux-x86_64-595.58.03,cdaefc505308d97b5fd2289d8c997e4f307dd8b4,206357,2026-09-09T05:21:26.223852,,ISAAC_LAB_SINGLE_GPU_GTL_PRESET_NEWTON_MJWARP_E8192,benchmark_rsl_rl_Isaac-Reorient-Cube-Allegro_8192,2026-09-09,,dirty working tree reported
2026-09-09,measured,2026-09-09T12:54:56.133049Z,Isaac-Reorient-Cube-Allegro,training,rsl_rl,ovphysx,none,8192,42,10,101299.00,9418.87,106206.00,7.51,0.54,7.72,40.55,10.34,NVIDIA RTX PRO 6000 Blackwell Server Edition,94.97,INTEL(R) XEON(R) GOLD 5512U,56,251.36,12.9.7,NVIDIA-Linux-x86_64-595.58.03,cdaefc505308d97b5fd2289d8c997e4f307dd8b4,206434,2026-09-09T05:51:21.960550,,ISAAC_LAB_SINGLE_GPU_GTL_PRESET_OVPHYSX_E8192,benchmark_rsl_rl_Isaac-Reorient-Cube-Allegro_8192,2026-09-09,,dirty working tree reported
2026-09-09,measured,2026-09-09T07:18:28.367145Z,Isaac-Reorient-Cube-Allegro-Direct,runtime,,isaacsim_physx,none,8192,,100,124401.98,12562.39,135359.28,8.86,0.00,8.86,53.86,1.57,NVIDIA RTX PRO 6000 Blackwell Server Edition,94.97,INTEL(R) XEON(R) GOLD 5512U,56,251.36,12.9.7,NVIDIA-Linux-x86_64-595.58.03,cdaefc505308d97b5fd2289d8c997e4f307dd8b4,205595,2026-09-09T00:16:10.093079,,ISAAC_LAB_SINGLE_GPU_GTL_PRESET_PHYSX_E8192,benchmark_non_rl_Isaac-Reorient-Cube-Allegro-Direct_8192,2026-09-09,,dirty working tree reported
2026-09-09,measured,2026-09-09T08:49:51.723765Z,Isaac-Reorient-Cube-Allegro-Direct,runtime,,newton_mjwarp,none,8192,,100,179762.84,1826.18,185329.35,7.25,0.00,7.25,88.83,1.60,NVIDIA RTX PRO 6000 Blackwell Server Edition,94.97,INTEL(R) XEON(R) GOLD 5512U,56,251.36,12.9.7,NVIDIA-Linux-x86_64-595.58.03,cdaefc505308d97b5fd2289d8c997e4f307dd8b4,205846,2026-09-09T01:49:03.099462,,ISAAC_LAB_SINGLE_GPU_GTL_PRESET_NEWTON_MJWARP_E8192,benchmark_non_rl_Isaac-Reorient-Cube-Allegro-Direct_8192,2026-09-09,,dirty working tree reported
2026-09-09,measured,2026-09-09T09:28:59.045432Z,Isaac-Reorient-Cube-Allegro-Direct,runtime,,ovphysx,none,8192,,100,102391.31,1765.63,108519.89,6.28,0.00,6.28,38.44,3.57,NVIDIA RTX PRO 6000 Blackwell Server Edition,94.97,INTEL(R) XEON(R) GOLD 5512U,56,251.36,12.9.7,NVIDIA-Linux-x86_64-595.58.03,cdaefc505308d97b5fd2289d8c997e4f307dd8b4,205949,2026-09-09T02:27:05.795570,,ISAAC_LAB_SINGLE_GPU_GTL_PRESET_OVPHYSX_E8192,benchmark_non_rl_Isaac-Reorient-Cube-Allegro-Direct_8192,2026-09-09,,dirty working tree reported
2026-09-09,measured,2026-09-09T11:24:11.630449Z,Isaac-Reorient-Cube-Allegro-Direct,training,rsl_rl,isaacsim_physx,none,8192,42,10,98828.50,19480.23,107039.00,10.21,0.81,10.61,46.86,21.30,NVIDIA RTX PRO 6000 Blackwell Server Edition,94.97,INTEL(R) XEON(R) GOLD 5512U,56,251.36,12.9.7,NVIDIA-Linux-x86_64-595.58.03,cdaefc505308d97b5fd2289d8c997e4f307dd8b4,206266,2026-09-09T04:21:50.388962,,ISAAC_LAB_SINGLE_GPU_GTL_PRESET_PHYSX_E8192,benchmark_rsl_rl_Isaac-Reorient-Cube-Allegro-Direct_8192,2026-09-09,,dirty working tree reported
2026-09-09,measured,2026-09-09T12:22:47.170608Z,Isaac-Reorient-Cube-Allegro-Direct,training,rsl_rl,newton_mjwarp,none,8192,42,10,146333.10,31464.73,157658.00,8.06,2.14,8.99,70.91,35.09,NVIDIA RTX PRO 6000 Blackwell Server Edition,94.97,INTEL(R) XEON(R) GOLD 5512U,56,251.36,12.9.7,NVIDIA-Linux-x86_64-595.58.03,cdaefc505308d97b5fd2289d8c997e4f307dd8b4,206357,2026-09-09T05:21:57.228521,,ISAAC_LAB_SINGLE_GPU_GTL_PRESET_NEWTON_MJWARP_E8192,benchmark_rsl_rl_Isaac-Reorient-Cube-Allegro-Direct_8192,2026-09-09,,dirty working tree reported
2026-09-09,measured,2026-09-09T12:54:56.133049Z,Isaac-Reorient-Cube-Allegro-Direct,training,rsl_rl,ovphysx,none,8192,42,10,87711.90,15013.83,93623.00,7.67,0.75,8.01,36.94,18.49,NVIDIA RTX PRO 6000 Blackwell Server Edition,94.97,INTEL(R) XEON(R) GOLD 5512U,56,251.36,12.9.7,NVIDIA-Linux-x86_64-595.58.03,cdaefc505308d97b5fd2289d8c997e4f307dd8b4,206434,2026-09-09T05:52:59.413350,,ISAAC_LAB_SINGLE_GPU_GTL_PRESET_OVPHYSX_E8192,benchmark_rsl_rl_Isaac-Reorient-Cube-Allegro-Direct_8192,2026-09-09,,dirty working tree reported
2026-08-26,measured,2026-08-26T18:01:40.238716Z,Isaac-Reorient-Cube-Shadow,runtime,,isaacsim_physx,newton_renderer,8192,,100,207590.49,20713.08,250646.13,9.99,0.00,9.99,48.20,2.68,NVIDIA RTX PRO 6000 Blackwell Server Edition,94.97,INTEL(R) XEON(R) GOLD 5512U,56,251.36,12.9.7,NVIDIA-Linux-x86_64-595.58.03,079ec904662750a9ef44dbcec7ef80e32dcdd25a,164296,2026-08-26T10:53:25.155460,,ISAAC_LAB_SINGLE_GPU_GTL_PRESET_PHYSX_E8192,benchmark_non_rl_Isaac-Reorient-Cube-Shadow_8192,2026-09-09,,older fallback; dirty working tree reported
2026-09-09,measured,2026-09-09T07:22:28.472995Z,Isaac-Reorient-Cube-Shadow,runtime,,isaacsim_physx,none,8192,,100,150126.09,17269.86,166748.17,11.21,0.00,11.21,37.50,2.26,NVIDIA RTX PRO 6000 Blackwell Server Edition,94.97,INTEL(R) XEON(R) GOLD 5512U,56,251.36,12.9.7,NVIDIA-Linux-x86_64-595.58.03,cdaefc505308d97b5fd2289d8c997e4f307dd8b4,205605,2026-09-09T00:16:20.841851,,ISAAC_LAB_SINGLE_GPU_GTL_PRESET_PHYSX_E8192,benchmark_non_rl_Isaac-Reorient-Cube-Shadow_8192,2026-09-09,,dirty working tree reported
2026-09-09,measured,2026-09-09T08:54:28.423224Z,Isaac-Reorient-Cube-Shadow,runtime,,newton_mjwarp,none,8192,,100,332289.86,4335.08,341057.26,8.60,0.00,8.60,84.50,1.00,NVIDIA RTX PRO 6000 Blackwell Server Edition,94.97,INTEL(R) XEON(R) GOLD 5512U,56,251.36,12.9.7,NVIDIA-Linux-x86_64-595.58.03,cdaefc505308d97b5fd2289d8c997e4f307dd8b4,205856,2026-09-09T01:53:11.197139,,ISAAC_LAB_SINGLE_GPU_GTL_PRESET_NEWTON_MJWARP_E8192,benchmark_non_rl_Isaac-Reorient-Cube-Shadow_8192,2026-09-09,,dirty working tree reported
2026-09-09,measured,2026-09-09T09:33:00.867725Z,Isaac-Reorient-Cube-Shadow,runtime,,ovphysx,none,8192,,100,85045.31,2673.54,89744.94,8.38,0.00,8.38,21.18,0.75,NVIDIA RTX PRO 6000 Blackwell Server Edition,94.97,INTEL(R) XEON(R) GOLD 5512U,56,251.36,12.9.7,NVIDIA-Linux-x86_64-595.58.03,cdaefc505308d97b5fd2289d8c997e4f307dd8b4,205961,2026-09-09T02:27:03.147860,,ISAAC_LAB_SINGLE_GPU_GTL_PRESET_OVPHYSX_E8192,benchmark_non_rl_Isaac-Reorient-Cube-Shadow_8192,2026-09-09,,dirty working tree reported
2026-08-26,measured,2026-08-26T22:01:49.474105Z,Isaac-Reorient-Cube-Shadow,training,rsl_rl,isaacsim_physx,newton_renderer,8192,42,10,157461.10,34628.37,176928.00,11.00,0.56,11.26,34.20,22.37,NVIDIA RTX PRO 6000 Blackwell Server Edition,94.97,INTEL(R) XEON(R) GOLD 5512U,56,251.36,12.9.7,NVIDIA-Linux-x86_64-595.58.03,079ec904662750a9ef44dbcec7ef80e32dcdd25a,164972,2026-08-26T14:51:15.039412,,ISAAC_LAB_SINGLE_GPU_GTL_PRESET_PHYSX_E8192,benchmark_rsl_rl_Isaac-Reorient-Cube-Shadow_8192,2026-09-09,,older fallback; dirty working tree reported
2026-09-09,measured,2026-09-09T11:34:09.604433Z,Isaac-Reorient-Cube-Shadow,training,rsl_rl,isaacsim_physx,none,8192,42,10,112774.80,18363.80,120487.00,12.15,0.77,12.45,34.33,14.35,NVIDIA RTX PRO 6000 Blackwell Server Edition,94.97,INTEL(R) XEON(R) GOLD 5512U,56,251.36,12.9.7,NVIDIA-Linux-x86_64-595.58.03,cdaefc505308d97b5fd2289d8c997e4f307dd8b4,206282,2026-09-09T04:27:54.219874,,ISAAC_LAB_SINGLE_GPU_GTL_PRESET_PHYSX_E8192,benchmark_rsl_rl_Isaac-Reorient-Cube-Shadow_8192,2026-09-09,,dirty working tree reported
2026-09-09,measured,2026-09-09T12:35:52.547149Z,Isaac-Reorient-Cube-Shadow,training,rsl_rl,newton_mjwarp,none,8192,42,10,247296.40,44881.15,264673.00,8.86,2.70,9.88,69.57,29.93,NVIDIA RTX PRO 6000 Blackwell Server Edition,94.97,INTEL(R) XEON(R) GOLD 5512U,56,251.36,12.9.7,NVIDIA-Linux-x86_64-595.58.03,cdaefc505308d97b5fd2289d8c997e4f307dd8b4,206386,2026-09-09T05:34:27.791265,,ISAAC_LAB_SINGLE_GPU_GTL_PRESET_NEWTON_MJWARP_E8192,benchmark_rsl_rl_Isaac-Reorient-Cube-Shadow_8192,2026-09-09,,dirty working tree reported
2026-09-09,measured,2026-09-09T12:59:09.354262Z,Isaac-Reorient-Cube-Shadow,training,rsl_rl,ovphysx,none,8192,42,10,71880.10,6406.84,75853.00,9.28,0.70,9.56,25.58,16.20,NVIDIA RTX PRO 6000 Blackwell Server Edition,94.97,INTEL(R) XEON(R) GOLD 5512U,56,251.36,12.9.7,NVIDIA-Linux-x86_64-595.58.03,cdaefc505308d97b5fd2289d8c997e4f307dd8b4,206443,2026-09-09T05:53:00.844714,,ISAAC_LAB_SINGLE_GPU_GTL_PRESET_OVPHYSX_E8192,benchmark_rsl_rl_Isaac-Reorient-Cube-Shadow_8192,2026-09-09,,dirty working tree reported
2026-08-24,measured,2026-08-24T08:35:58.730555Z,Isaac-Reorient-Cube-Shadow-Camera,runtime,,isaacsim_physx,newton_renderer,1225,,100,26181.85,2017.78,28945.61,9.53,0.00,9.53,72.67,3.67,NVIDIA RTX PRO 6000 Blackwell Server Edition,94.97,INTEL(R) XEON(R) GOLD 5512U,56,251.36,12.9.7,NVIDIA-Linux-x86_64-595.58.03,f86b4e1ad66e637e7770a727e181ffe150a2077b,157803,2026-08-24T01:34:55.354417,rgb,ISAAC_LAB_SINGLE_GPU_GTL_PRESET_OVPHYSX_E8192,benchmark_non_rl_Isaac-Reorient-Cube-Shadow-Camera_1225,2026-09-09,,older fallback; dirty working tree reported; resolved camera dimensions not recorded
2026-08-27,measured,2026-08-27T02:06:24.245543Z,Isaac-Reorient-Cube-Shadow-Camera,training,rsl_rl,isaacsim_physx,newton_renderer,1225,42,10,19860.20,1501.81,20864.00,10.70,0.28,10.74,68.67,12.88,NVIDIA RTX PRO 6000 Blackwell Server Edition,94.97,INTEL(R) XEON(R) GOLD 5512U,56,251.36,12.9.7,NVIDIA-Linux-x86_64-595.58.03,be547a5df7d305e0c9a3eec55023bf96d82a5dfc,165778,2026-08-26T19:04:40.738941,,ISAAC_LAB_SINGLE_GPU_GTL_PRESET_PHYSX_EDEFAULT,benchmark_rsl_rl_Isaac-Reorient-Cube-Shadow-Camera_1225,2026-09-09,,older fallback; dirty working tree reported; resolved camera dimensions not recorded; resolved domain presets not recorded
2026-08-24,measured,2026-08-24T10:55:01.541959Z,Isaac-Reorient-Cube-Shadow-Camera,training,rsl_rl,isaacsim_physx,newton_renderer,1225,42,10,23179.30,2066.57,24063.00,9.80,0.28,9.85,62.94,12.21,NVIDIA RTX PRO 6000 Blackwell Server Edition,94.97,INTEL(R) XEON(R) GOLD 5512U,56,251.36,12.9.7,NVIDIA-Linux-x86_64-595.58.03,f86b4e1ad66e637e7770a727e181ffe150a2077b,158172,2026-08-24T03:53:30.090805,rgb,ISAAC_LAB_SINGLE_GPU_GTL_PRESET_OVPHYSX_E8192,benchmark_rsl_rl_Isaac-Reorient-Cube-Shadow-Camera_1225,2026-09-09,,older fallback; dirty working tree reported; resolved camera dimensions not recorded
2026-08-24,measured,2026-08-24T08:35:58.730555Z,Isaac-Reorient-Cube-Shadow-Camera-Direct,runtime,,isaacsim_physx,newton_renderer,1225,,100,26248.35,1887.79,28503.59,9.54,0.00,9.54,71.17,1.47,NVIDIA RTX PRO 6000 Blackwell Server Edition,94.97,INTEL(R) XEON(R) GOLD 5512U,56,251.36,12.9.7,NVIDIA-Linux-x86_64-595.58.03,f86b4e1ad66e637e7770a727e181ffe150a2077b,157803,2026-08-24T01:34:11.127350,rgb,ISAAC_LAB_SINGLE_GPU_GTL_PRESET_OVPHYSX_E8192,benchmark_non_rl_Isaac-Reorient-Cube-Shadow-Camera-Direct_1225,2026-09-09,,older fallback; dirty working tree reported; resolved camera dimensions not recorded
2026-08-27,measured,2026-08-27T02:06:24.245543Z,Isaac-Reorient-Cube-Shadow-Camera-Direct,training,rsl_rl,isaacsim_physx,newton_renderer,1225,42,10,19633.00,1842.80,20393.00,10.65,0.38,10.74,67.51,13.97,NVIDIA RTX PRO 6000 Blackwell Server Edition,94.97,INTEL(R) XEON(R) GOLD 5512U,56,251.36,12.9.7,NVIDIA-Linux-x86_64-595.58.03,be547a5df7d305e0c9a3eec55023bf96d82a5dfc,165778,2026-08-26T19:03:13.677668,,ISAAC_LAB_SINGLE_GPU_GTL_PRESET_PHYSX_EDEFAULT,benchmark_rsl_rl_Isaac-Reorient-Cube-Shadow-Camera-Direct_1225,2026-09-09,,older fallback; dirty working tree reported; resolved camera dimensions not recorded; resolved domain presets not recorded
2026-08-24,measured,2026-08-24T10:55:01.541959Z,Isaac-Reorient-Cube-Shadow-Camera-Direct,training,rsl_rl,isaacsim_physx,newton_renderer,1225,42,10,23132.10,2543.10,24305.00,9.76,0.37,9.85,65.71,12.68,NVIDIA RTX PRO 6000 Blackwell Server Edition,94.97,INTEL(R) XEON(R) GOLD 5512U,56,251.36,12.9.7,NVIDIA-Linux-x86_64-595.58.03,f86b4e1ad66e637e7770a727e181ffe150a2077b,158172,2026-08-24T03:52:16.437002,rgb,ISAAC_LAB_SINGLE_GPU_GTL_PRESET_OVPHYSX_E8192,benchmark_rsl_rl_Isaac-Reorient-Cube-Shadow-Camera-Direct_1225,2026-09-09,,older fallback; dirty working tree reported; resolved camera dimensions not recorded
2026-08-26,measured,2026-08-26T18:01:40.238716Z,Isaac-Reorient-Cube-Shadow-Direct,runtime,,isaacsim_physx,newton_renderer,8192,,100,209562.31,21105.90,251612.64,10.01,0.00,10.01,48.60,2.79,NVIDIA RTX PRO 6000 Blackwell Server Edition,94.97,INTEL(R) XEON(R) GOLD 5512U,56,251.36,12.9.7,NVIDIA-Linux-x86_64-595.58.03,079ec904662750a9ef44dbcec7ef80e32dcdd25a,164296,2026-08-26T10:55:09.918719,,ISAAC_LAB_SINGLE_GPU_GTL_PRESET_PHYSX_E8192,benchmark_non_rl_Isaac-Reorient-Cube-Shadow-Direct_8192,2026-09-09,,older fallback; dirty working tree reported
2026-09-09,measured,2026-09-09T07:22:28.472995Z,Isaac-Reorient-Cube-Shadow-Direct,runtime,,isaacsim_physx,none,8192,,100,148854.38,16421.04,162899.81,11.22,0.00,11.22,38.83,1.33,NVIDIA RTX PRO 6000 Blackwell Server Edition,94.97,INTEL(R) XEON(R) GOLD 5512U,56,251.36,12.9.7,NVIDIA-Linux-x86_64-595.58.03,cdaefc505308d97b5fd2289d8c997e4f307dd8b4,205605,2026-09-09T00:19:14.238185,,ISAAC_LAB_SINGLE_GPU_GTL_PRESET_PHYSX_E8192,benchmark_non_rl_Isaac-Reorient-Cube-Shadow-Direct_8192,2026-09-09,,dirty working tree reported
2026-09-09,measured,2026-09-09T08:54:28.423224Z,Isaac-Reorient-Cube-Shadow-Direct,runtime,,newton_mjwarp,none,8192,,100,322925.33,6359.80,333013.04,8.61,0.00,8.61,82.75,0.50,NVIDIA RTX PRO 6000 Blackwell Server Edition,94.97,INTEL(R) XEON(R) GOLD 5512U,56,251.36,12.9.7,NVIDIA-Linux-x86_64-595.58.03,cdaefc505308d97b5fd2289d8c997e4f307dd8b4,205856,2026-09-09T01:53:38.943149,,ISAAC_LAB_SINGLE_GPU_GTL_PRESET_NEWTON_MJWARP_E8192,benchmark_non_rl_Isaac-Reorient-Cube-Shadow-Direct_8192,2026-09-09,,dirty working tree reported
2026-09-09,measured,2026-09-09T09:33:00.867725Z,Isaac-Reorient-Cube-Shadow-Direct,runtime,,ovphysx,none,8192,,100,85088.67,2362.81,89867.66,8.25,0.17,8.38,21.64,1.50,NVIDIA RTX PRO 6000 Blackwell Server Edition,94.97,INTEL(R) XEON(R) GOLD 5512U,56,251.36,12.9.7,NVIDIA-Linux-x86_64-595.58.03,cdaefc505308d97b5fd2289d8c997e4f307dd8b4,205961,2026-09-09T02:29:49.245957,,ISAAC_LAB_SINGLE_GPU_GTL_PRESET_OVPHYSX_E8192,benchmark_non_rl_Isaac-Reorient-Cube-Shadow-Direct_8192,2026-09-09,,dirty working tree reported
2026-08-26,measured,2026-08-26T22:01:49.474105Z,Isaac-Reorient-Cube-Shadow-Direct,training,rsl_rl,isaacsim_physx,newton_renderer,8192,42,10,155939.80,37679.64,176338.00,10.89,0.64,11.29,37.70,21.48,NVIDIA RTX PRO 6000 Blackwell Server Edition,94.97,INTEL(R) XEON(R) GOLD 5512U,56,251.36,12.9.7,NVIDIA-Linux-x86_64-595.58.03,079ec904662750a9ef44dbcec7ef80e32dcdd25a,164972,2026-08-26T14:53:04.365503,,ISAAC_LAB_SINGLE_GPU_GTL_PRESET_PHYSX_E8192,benchmark_rsl_rl_Isaac-Reorient-Cube-Shadow-Direct_8192,2026-09-09,,older fallback; dirty working tree reported
2026-09-09,measured,2026-09-09T11:34:09.604433Z,Isaac-Reorient-Cube-Shadow-Direct,training,rsl_rl,isaacsim_physx,none,8192,42,10,112489.80,24942.27,122917.00,12.09,0.80,12.48,29.54,14.02,NVIDIA RTX PRO 6000 Blackwell Server Edition,94.97,INTEL(R) XEON(R) GOLD 5512U,56,251.36,12.9.7,NVIDIA-Linux-x86_64-595.58.03,cdaefc505308d97b5fd2289d8c997e4f307dd8b4,206282,2026-09-09T04:30:52.902313,,ISAAC_LAB_SINGLE_GPU_GTL_PRESET_PHYSX_E8192,benchmark_rsl_rl_Isaac-Reorient-Cube-Shadow-Direct_8192,2026-09-09,,dirty working tree reported
2026-09-09,measured,2026-09-09T12:35:52.547149Z,Isaac-Reorient-Cube-Shadow-Direct,training,rsl_rl,newton_mjwarp,none,8192,42,10,238886.30,61292.38,261177.00,8.85,2.50,9.88,50.88,36.74,NVIDIA RTX PRO 6000 Blackwell Server Edition,94.97,INTEL(R) XEON(R) GOLD 5512U,56,251.36,12.9.7,NVIDIA-Linux-x86_64-595.58.03,cdaefc505308d97b5fd2289d8c997e4f307dd8b4,206386,2026-09-09T05:34:59.709825,,ISAAC_LAB_SINGLE_GPU_GTL_PRESET_NEWTON_MJWARP_E8192,benchmark_rsl_rl_Isaac-Reorient-Cube-Shadow-Direct_8192,2026-09-09,,dirty working tree reported; FPS coefficient of variation >25%
2026-09-09,measured,2026-09-09T12:59:09.354262Z,Isaac-Reorient-Cube-Shadow-Direct,training,rsl_rl,ovphysx,none,8192,42,10,68976.60,10852.88,72945.00,9.25,0.74,9.59,20.25,9.83,NVIDIA RTX PRO 6000 Blackwell Server Edition,94.97,INTEL(R) XEON(R) GOLD 5512U,56,251.36,12.9.7,NVIDIA-Linux-x86_64-595.58.03,cdaefc505308d97b5fd2289d8c997e4f307dd8b4,206443,2026-09-09T05:55:52.548227,,ISAAC_LAB_SINGLE_GPU_GTL_PRESET_OVPHYSX_E8192,benchmark_rsl_rl_Isaac-Reorient-Cube-Shadow-Direct_8192,2026-09-09,,dirty working tree reported
2026-09-09,measured,2026-09-09T13:29:07.400601Z,Isaac-Reorient-Franka,training,rsl_rl,isaacsim_physx,none,4096,42,10,86383.00,12732.16,92778.00,11.16,0.43,11.36,43.19,13.23,NVIDIA RTX PRO 6000 Blackwell Server Edition,94.97,INTEL(R) XEON(R) GOLD 5512U,56,251.36,12.9.7,NVIDIA-Linux-x86_64-595.58.03,cdaefc505308d97b5fd2289d8c997e4f307dd8b4,206511,2026-09-09T06:26:46.785162,,ISAAC_LAB_SINGLE_GPU_GTL_PRESET_PHYSX_EDEFAULT,benchmark_rsl_rl_Isaac-Reorient-Franka_4096,2026-09-09,,dirty working tree reported
2026-09-09,measured,2026-09-09T13:38:31.330208Z,Isaac-Reorient-Franka,training,rsl_rl,newton_mjwarp,none,4096,42,10,156023.20,30207.26,166619.00,3.80,0.50,4.04,51.30,20.39,NVIDIA RTX PRO 6000 Blackwell Server Edition,94.97,INTEL(R) XEON(R) GOLD 5512U,56,251.36,12.9.7,NVIDIA-Linux-x86_64-595.58.03,cdaefc505308d97b5fd2289d8c997e4f307dd8b4,206537,2026-09-09T06:37:35.494574,,ISAAC_LAB_SINGLE_GPU_GTL_PRESET_NEWTON_MJWARP_EDEFAULT,benchmark_rsl_rl_Isaac-Reorient-Franka_4096,2026-09-09,,dirty working tree reported
2026-09-09,measured,2026-09-09T13:29:22.842641Z,Isaac-Reorient-KukaAllegro,training,rsl_rl,isaacsim_physx,none,4096,42,10,41462.40,3607.88,43966.00,12.19,0.52,12.39,64.93,13.98,NVIDIA RTX PRO 6000 Blackwell Server Edition,94.97,INTEL(R) XEON(R) GOLD 5512U,56,251.36,12.9.7,NVIDIA-Linux-x86_64-595.58.03,cdaefc505308d97b5fd2289d8c997e4f307dd8b4,206512,2026-09-09T06:26:44.606254,,ISAAC_LAB_SINGLE_GPU_GTL_PRESET_PHYSX_EDEFAULT,benchmark_rsl_rl_Isaac-Reorient-KukaAllegro_4096,2026-09-09,,dirty working tree reported
2026-09-09,measured,2026-09-09T13:39:08.064039Z,Isaac-Reorient-KukaAllegro,training,rsl_rl,newton_mjwarp,none,4096,42,10,86099.20,12561.25,90695.00,14.33,0.76,14.65,68.76,19.69,NVIDIA RTX PRO 6000 Blackwell Server Edition,94.97,INTEL(R) XEON(R) GOLD 5512U,56,251.36,12.9.7,NVIDIA-Linux-x86_64-595.58.03,cdaefc505308d97b5fd2289d8c997e4f307dd8b4,206538,2026-09-09T06:37:53.556518,,ISAAC_LAB_SINGLE_GPU_GTL_PRESET_NEWTON_MJWARP_EDEFAULT,benchmark_rsl_rl_Isaac-Reorient-KukaAllegro_4096,2026-09-09,,dirty working tree reported
2026-08-24,measured,2026-08-24T08:41:50.709848Z,Isaac-Reorient-KukaAllegro-Camera,runtime,,isaacsim_physx,newton_renderer,4096,,100,47203.82,3937.56,54414.80,10.84,0.00,10.84,72.22,2.44,NVIDIA RTX PRO 6000 Blackwell Server Edition,94.97,INTEL(R) XEON(R) GOLD 5512U,56,251.36,12.9.7,NVIDIA-Linux-x86_64-595.58.03,f86b4e1ad66e637e7770a727e181ffe150a2077b,157835,2026-08-24T01:38:08.455698,"cube,depth64,duo_camera",ISAAC_LAB_SINGLE_GPU_GTL_PRESET_OVPHYSX_E16384,benchmark_non_rl_Isaac-Reorient-KukaAllegro-Camera_cube_duo_camera_depth64_4096,2026-09-09,,older fallback; dirty working tree reported; resolved camera dimensions not recorded
2026-08-24,measured,2026-08-24T08:43:15.181338Z,Isaac-Reorient-KukaAllegro-Camera,runtime,,isaacsim_physx,newton_renderer,4096,,100,47294.97,4269.30,55092.48,10.63,0.00,10.63,72.22,5.04,NVIDIA RTX PRO 6000 Blackwell Server Edition,94.97,INTEL(R) XEON(R) GOLD 5512U,56,251.36,12.9.7,NVIDIA-Linux-x86_64-595.58.03,f86b4e1ad66e637e7770a727e181ffe150a2077b,157839,2026-08-24T01:39:54.555136,"cube,depth64,single_camera",ISAAC_LAB_SINGLE_GPU_GTL_PRESET_OVPHYSX_E16384,benchmark_non_rl_Isaac-Reorient-KukaAllegro-Camera_cube_single_camera_depth64_4096,2026-09-09,,older fallback; dirty working tree reported; resolved camera dimensions not recorded
2026-08-24,measured,2026-08-24T08:38:30.350822Z,Isaac-Reorient-KukaAllegro-Camera,runtime,,isaacsim_physx,newton_renderer,4096,,100,43129.05,3683.86,51372.62,11.50,0.00,11.50,73.80,3.26,NVIDIA RTX PRO 6000 Blackwell Server Edition,94.97,INTEL(R) XEON(R) GOLD 5512U,56,251.36,12.9.7,NVIDIA-Linux-x86_64-595.58.03,f86b4e1ad66e637e7770a727e181ffe150a2077b,157815,2026-08-24T01:34:46.019441,"cube,duo_camera,rgb64",ISAAC_LAB_SINGLE_GPU_GTL_PRESET_OVPHYSX_E8192,benchmark_non_rl_Isaac-Reorient-KukaAllegro-Camera_cube_duo_camera_rgb64_4096,2026-09-09,,older fallback; dirty working tree reported; resolved camera dimensions not recorded
2026-08-24,measured,2026-08-24T08:36:50.971917Z,Isaac-Reorient-KukaAllegro-Camera,runtime,,isaacsim_physx,newton_renderer,4096,,100,48194.20,4286.38,56193.98,11.10,0.00,11.10,74.11,2.85,NVIDIA RTX PRO 6000 Blackwell Server Edition,94.97,INTEL(R) XEON(R) GOLD 5512U,56,251.36,12.9.7,NVIDIA-Linux-x86_64-595.58.03,f86b4e1ad66e637e7770a727e181ffe150a2077b,157807,2026-08-24T01:33:31.487093,"cube,rgb64,single_camera",ISAAC_LAB_SINGLE_GPU_GTL_PRESET_OVPHYSX_E8192,benchmark_non_rl_Isaac-Reorient-KukaAllegro-Camera_cube_single_camera_rgb64_4096,2026-09-09,,older fallback; dirty working tree reported; resolved camera dimensions not recorded
2026-08-27,measured,2026-08-27T00:06:39.385774Z,Isaac-Reorient-KukaAllegro-Camera,training,rsl_rl,isaacsim_physx,newton_renderer,4096,42,10,39384.00,6734.37,42226.00,20.99,1.63,21.75,64.88,22.03,NVIDIA RTX PRO 6000 Blackwell Server Edition,94.97,INTEL(R) XEON(R) GOLD 5512U,56,251.36,12.9.7,NVIDIA-Linux-x86_64-595.58.03,079ec904662750a9ef44dbcec7ef80e32dcdd25a,165401,2026-08-26T17:02:44.042860,,ISAAC_LAB_SINGLE_GPU_GTL_PRESET_PHYSX_EDEFAULT,benchmark_rsl_rl_Isaac-Reorient-KukaAllegro-Camera_4096,2026-09-09,,older fallback; dirty working tree reported; resolved camera dimensions not recorded; resolved domain presets not recorded
2026-08-24,measured,2026-08-24T10:58:10.510665Z,Isaac-Reorient-KukaAllegro-Camera,training,rsl_rl,isaacsim_physx,newton_renderer,4096,42,10,32232.30,7057.99,35394.00,18.00,1.31,21.02,62.95,27.31,NVIDIA RTX PRO 6000 Blackwell Server Edition,94.97,INTEL(R) XEON(R) GOLD 5512U,56,251.36,12.9.7,NVIDIA-Linux-x86_64-595.58.03,f86b4e1ad66e637e7770a727e181ffe150a2077b,158188,2026-08-24T03:53:58.497925,"cube,depth64,duo_camera",ISAAC_LAB_SINGLE_GPU_GTL_PRESET_OVPHYSX_E16384,benchmark_rsl_rl_Isaac-Reorient-KukaAllegro-Camera_cube_duo_camera_depth64_4096,2026-09-09,,older fallback; dirty working tree reported; resolved camera dimensions not recorded
2026-08-24,measured,2026-08-24T10:57:45.457062Z,Isaac-Reorient-KukaAllegro-Camera,training,rsl_rl,isaacsim_physx,newton_renderer,4096,42,10,35141.70,8016.09,39074.00,15.12,1.02,15.70,61.59,26.29,NVIDIA RTX PRO 6000 Blackwell Server Edition,94.97,INTEL(R) XEON(R) GOLD 5512U,56,251.36,12.9.7,NVIDIA-Linux-x86_64-595.58.03,f86b4e1ad66e637e7770a727e181ffe150a2077b,158185,2026-08-24T03:54:00.185635,"cube,depth64,single_camera",ISAAC_LAB_SINGLE_GPU_GTL_PRESET_OVPHYSX_E16384,benchmark_rsl_rl_Isaac-Reorient-KukaAllegro-Camera_cube_single_camera_depth64_4096,2026-09-09,,older fallback; dirty working tree reported; resolved camera dimensions not recorded
2026-08-24,measured,2026-08-24T10:58:46.792972Z,Isaac-Reorient-KukaAllegro-Camera,training,rsl_rl,isaacsim_physx,newton_renderer,4096,42,10,28849.50,6027.12,31138.00,27.50,1.74,28.34,66.87,27.15,NVIDIA RTX PRO 6000 Blackwell Server Edition,94.97,INTEL(R) XEON(R) GOLD 5512U,56,251.36,12.9.7,NVIDIA-Linux-x86_64-595.58.03,f86b4e1ad66e637e7770a727e181ffe150a2077b,158190,2026-08-24T03:54:30.611010,"cube,duo_camera,rgb64",ISAAC_LAB_SINGLE_GPU_GTL_PRESET_OVPHYSX_E8192,benchmark_rsl_rl_Isaac-Reorient-KukaAllegro-Camera_cube_duo_camera_rgb64_4096,2026-09-09,,older fallback; dirty working tree reported; resolved camera dimensions not recorded
2026-08-24,measured,2026-08-24T10:53:11.306244Z,Isaac-Reorient-KukaAllegro-Camera,training,rsl_rl,isaacsim_physx,newton_renderer,4096,42,10,32624.30,7145.81,36402.00,19.42,1.02,20.64,64.68,24.54,NVIDIA RTX PRO 6000 Blackwell Server Edition,94.97,INTEL(R) XEON(R) GOLD 5512U,56,251.36,12.9.7,NVIDIA-Linux-x86_64-595.58.03,f86b4e1ad66e637e7770a727e181ffe150a2077b,158169,2026-08-24T03:49:23.547974,"cube,rgb64,single_camera",ISAAC_LAB_SINGLE_GPU_GTL_PRESET_OVPHYSX_E8192,benchmark_rsl_rl_Isaac-Reorient-KukaAllegro-Camera_cube_single_camera_rgb64_4096,2026-09-09,,older fallback; dirty working tree reported; resolved camera dimensions not recorded
2026-09-09,measured,2026-09-09T13:29:06.967218Z,Isaac-Shadow-Handover-Direct,training,rsl_rl,isaacsim_physx,none,2048,42,10,39819.90,9071.88,44990.00,9.70,0.22,9.80,30.20,13.11,NVIDIA RTX PRO 6000 Blackwell Server Edition,94.97,INTEL(R) XEON(R) GOLD 5512U,56,251.36,12.9.7,NVIDIA-Linux-x86_64-595.58.03,cdaefc505308d97b5fd2289d8c997e4f307dd8b4,206510,2026-09-09T06:27:15.396951,,ISAAC_LAB_SINGLE_GPU_GTL_PRESET_PHYSX_EDEFAULT,benchmark_rsl_rl_Isaac-Shadow-Handover-Direct_2048,2026-09-09,,dirty working tree reported
2026-09-09,measured,2026-09-09T15:32:03.202013Z,Isaac-Shadow-Handover-Direct,training,rsl_rl,newton_mjwarp,none,2048,42,10,46219.10,10478.02,49972.00,3.94,0.81,4.24,58.22,33.90,NVIDIA RTX PRO 6000 Blackwell Server Edition,94.97,INTEL(R) XEON(R) GOLD 5512U,56,251.36,12.9.7,NVIDIA-Linux-x86_64-595.58.03,cdaefc505308d97b5fd2289d8c997e4f307dd8b4,206721,2026-09-09T08:31:13.987127,,ISAAC_LAB_SINGLE_GPU_GTL_PRESET_NEWTON_MJWARP_EDEFAULT,benchmark_rsl_rl_Isaac-Shadow-Handover-Direct_2048,2026-09-09,,dirty working tree reported
2026-09-09,measured,2026-09-09T13:31:31.201902Z,Isaac-Velocity-Flat-AnymalD,training,rsl_rl,isaacsim_physx,none,4096,42,10,99792.10,21203.05,112766.00,8.52,0.33,8.66,26.50,9.19,NVIDIA RTX PRO 6000 Blackwell Server Edition,94.97,INTEL(R) XEON(R) GOLD 5512U,56,251.36,12.9.7,NVIDIA-Linux-x86_64-595.58.03,cdaefc505308d97b5fd2289d8c997e4f307dd8b4,206520,2026-09-09T06:30:04.961903,,ISAAC_LAB_SINGLE_GPU_GTL_PRESET_PHYSX_EDEFAULT,benchmark_rsl_rl_Isaac-Velocity-Flat-AnymalD_4096,2026-09-09,,dirty working tree reported
2026-09-09,measured,2026-09-09T13:39:33.610092Z,Isaac-Velocity-Flat-AnymalD,training,rsl_rl,newton_mjwarp,none,4096,42,10,133443.50,29775.76,144215.00,3.70,0.21,3.78,63.40,30.80,NVIDIA RTX PRO 6000 Blackwell Server Edition,94.97,INTEL(R) XEON(R) GOLD 5512U,56,251.36,12.9.7,NVIDIA-Linux-x86_64-595.58.03,cdaefc505308d97b5fd2289d8c997e4f307dd8b4,206541,2026-09-09T06:38:39.857430,,ISAAC_LAB_SINGLE_GPU_GTL_PRESET_NEWTON_MJWARP_EDEFAULT,benchmark_rsl_rl_Isaac-Velocity-Flat-AnymalD_4096,2026-09-09,,dirty working tree reported
2026-09-09,measured,2026-09-09T13:30:58.137182Z,Isaac-Velocity-Flat-Cassie,training,rsl_rl,isaacsim_physx,none,4096,42,10,133765.40,31665.84,147777.00,8.06,0.34,8.21,27.11,11.87,NVIDIA RTX PRO 6000 Blackwell Server Edition,94.97,INTEL(R) XEON(R) GOLD 5512U,56,251.36,12.9.7,NVIDIA-Linux-x86_64-595.58.03,cdaefc505308d97b5fd2289d8c997e4f307dd8b4,206517,2026-09-09T06:29:51.349341,,ISAAC_LAB_SINGLE_GPU_GTL_PRESET_PHYSX_EDEFAULT,benchmark_rsl_rl_Isaac-Velocity-Flat-Cassie_4096,2026-09-09,,dirty working tree reported
2026-09-09,measured,2026-09-09T13:39:30.138176Z,Isaac-Velocity-Flat-Cassie,training,rsl_rl,newton_mjwarp,none,4096,42,10,249635.40,68689.74,273437.00,1.45,0.15,1.55,36.33,26.85,NVIDIA RTX PRO 6000 Blackwell Server Edition,94.97,INTEL(R) XEON(R) GOLD 5512U,56,251.36,12.9.7,NVIDIA-Linux-x86_64-595.58.03,cdaefc505308d97b5fd2289d8c997e4f307dd8b4,206540,2026-09-09T06:38:48.267930,,ISAAC_LAB_SINGLE_GPU_GTL_PRESET_NEWTON_MJWARP_EDEFAULT,benchmark_rsl_rl_Isaac-Velocity-Flat-Cassie_4096,2026-09-09,,dirty working tree reported; FPS coefficient of variation >25%
2026-09-09,measured,2026-09-09T13:32:39.245985Z,Isaac-Velocity-Flat-G1,training,rsl_rl,isaacsim_physx,none,4096,42,10,83808.30,17642.82,91871.00,8.81,0.17,8.90,48.00,21.09,NVIDIA RTX PRO 6000 Blackwell Server Edition,94.97,INTEL(R) XEON(R) GOLD 5512U,56,251.36,12.9.7,NVIDIA-Linux-x86_64-595.58.03,cdaefc505308d97b5fd2289d8c997e4f307dd8b4,206524,2026-09-09T06:30:21.358866,,ISAAC_LAB_SINGLE_GPU_GTL_PRESET_PHYSX_EDEFAULT,benchmark_rsl_rl_Isaac-Velocity-Flat-G1_4096,2026-09-09,,dirty working tree reported
2026-09-09,measured,2026-09-09T13:39:44.837796Z,Isaac-Velocity-Flat-G1,training,rsl_rl,newton_mjwarp,none,4096,42,10,171757.10,44376.04,186140.00,2.56,0.25,2.69,51.00,32.61,NVIDIA RTX PRO 6000 Blackwell Server Edition,94.97,INTEL(R) XEON(R) GOLD 5512U,56,251.36,12.9.7,NVIDIA-Linux-x86_64-595.58.03,cdaefc505308d97b5fd2289d8c997e4f307dd8b4,206543,2026-09-09T06:38:58.170818,,ISAAC_LAB_SINGLE_GPU_GTL_PRESET_NEWTON_MJWARP_EDEFAULT,benchmark_rsl_rl_Isaac-Velocity-Flat-G1_4096,2026-09-09,,dirty working tree reported; FPS coefficient of variation >25%
2026-09-09,measured,2026-09-09T13:31:19.400566Z,Isaac-Velocity-Flat-H1,training,rsl_rl,isaacsim_physx,none,4096,42,10,126261.40,30256.08,143495.00,7.67,0.14,7.74,26.80,13.71,NVIDIA RTX PRO 6000 Blackwell Server Edition,94.97,INTEL(R) XEON(R) GOLD 5512U,56,251.36,12.9.7,NVIDIA-Linux-x86_64-595.58.03,cdaefc505308d97b5fd2289d8c997e4f307dd8b4,206519,2026-09-09T06:29:51.070022,,ISAAC_LAB_SINGLE_GPU_GTL_PRESET_PHYSX_EDEFAULT,benchmark_rsl_rl_Isaac-Velocity-Flat-H1_4096,2026-09-09,,dirty working tree reported
2026-09-09,measured,2026-09-09T13:39:57.185783Z,Isaac-Velocity-Flat-H1,training,rsl_rl,newton_mjwarp,none,4096,42,10,221014.00,60433.86,241318.00,1.57,0.15,1.65,39.14,31.50,NVIDIA RTX PRO 6000 Blackwell Server Edition,94.97,INTEL(R) XEON(R) GOLD 5512U,56,251.36,12.9.7,NVIDIA-Linux-x86_64-595.58.03,cdaefc505308d97b5fd2289d8c997e4f307dd8b4,206545,2026-09-09T06:39:15.127493,,ISAAC_LAB_SINGLE_GPU_GTL_PRESET_NEWTON_MJWARP_EDEFAULT,benchmark_rsl_rl_Isaac-Velocity-Flat-H1_4096,2026-09-09,,dirty working tree reported; FPS coefficient of variation >25%
2026-09-09,measured,2026-09-09T13:32:51.754490Z,Isaac-Velocity-Flat-UnitreeGo2,training,rsl_rl,isaacsim_physx,none,4096,42,10,115651.40,26364.90,129916.00,7.89,0.18,7.98,24.10,12.01,NVIDIA RTX PRO 6000 Blackwell Server Edition,94.97,INTEL(R) XEON(R) GOLD 5512U,56,251.36,12.9.7,NVIDIA-Linux-x86_64-595.58.03,cdaefc505308d97b5fd2289d8c997e4f307dd8b4,206525,2026-09-09T06:31:15.891977,,ISAAC_LAB_SINGLE_GPU_GTL_PRESET_PHYSX_EDEFAULT,benchmark_rsl_rl_Isaac-Velocity-Flat-UnitreeGo2_4096,2026-09-09,,dirty working tree reported
2026-09-09,measured,2026-09-09T13:40:07.680088Z,Isaac-Velocity-Flat-UnitreeGo2,training,rsl_rl,newton_mjwarp,none,4096,42,10,275020.40,77096.03,300945.00,1.94,0.18,2.05,36.50,28.52,NVIDIA RTX PRO 6000 Blackwell Server Edition,94.97,INTEL(R) XEON(R) GOLD 5512U,56,251.36,12.9.7,NVIDIA-Linux-x86_64-595.58.03,cdaefc505308d97b5fd2289d8c997e4f307dd8b4,206547,2026-09-09T06:39:19.542856,,ISAAC_LAB_SINGLE_GPU_GTL_PRESET_NEWTON_MJWARP_EDEFAULT,benchmark_rsl_rl_Isaac-Velocity-Flat-UnitreeGo2_4096,2026-09-09,,dirty working tree reported; FPS coefficient of variation >25%
2026-09-09,measured,2026-09-09T13:33:37.468160Z,Isaac-Velocity-Rough-AnymalD,training,rsl_rl,isaacsim_physx,none,4096,42,10,48951.00,6625.57,53062.00,10.31,0.35,10.47,56.30,23.50,NVIDIA RTX PRO 6000 Blackwell Server Edition,94.97,INTEL(R) XEON(R) GOLD 5512U,56,251.36,12.9.7,NVIDIA-Linux-x86_64-595.58.03,cdaefc505308d97b5fd2289d8c997e4f307dd8b4,206527,2026-09-09T06:32:01.570371,,ISAAC_LAB_SINGLE_GPU_GTL_PRESET_PHYSX_EDEFAULT,benchmark_rsl_rl_Isaac-Velocity-Rough-AnymalD_4096,2026-09-09,,dirty working tree reported
2026-09-09,measured,2026-09-09T13:39:36.823676Z,Isaac-Velocity-Rough-AnymalD,training,rsl_rl,newton_mjwarp,none,4096,42,10,106769.20,20908.38,120936.00,9.49,0.51,9.69,62.55,32.81,NVIDIA RTX PRO 6000 Blackwell Server Edition,94.97,INTEL(R) XEON(R) GOLD 5512U,56,251.36,12.9.7,NVIDIA-Linux-x86_64-595.58.03,cdaefc505308d97b5fd2289d8c997e4f307dd8b4,206542,2026-09-09T06:38:39.552060,,ISAAC_LAB_SINGLE_GPU_GTL_PRESET_NEWTON_MJWARP_EDEFAULT,benchmark_rsl_rl_Isaac-Velocity-Rough-AnymalD_4096,2026-09-09,,dirty working tree reported
2026-09-09,measured,2026-09-09T15:33:35.011932Z,Isaac-Velocity-Rough-Cassie,training,rsl_rl,isaacsim_physx,none,4096,42,10,86754.20,17218.33,94374.00,9.66,0.34,9.83,48.31,21.07,NVIDIA RTX PRO 6000 Blackwell Server Edition,94.97,INTEL(R) XEON(R) GOLD 5512U,56,251.36,12.9.7,NVIDIA-Linux-x86_64-595.58.03,cdaefc505308d97b5fd2289d8c997e4f307dd8b4,206723,2026-09-09T08:32:22.797796,,ISAAC_LAB_SINGLE_GPU_GTL_PRESET_PHYSX_EDEFAULT,benchmark_rsl_rl_Isaac-Velocity-Rough-Cassie_4096,2026-09-09,,dirty working tree reported
2026-09-09,measured,2026-09-09T13:41:28.684264Z,Isaac-Velocity-Rough-Cassie,training,rsl_rl,newton_mjwarp,none,4096,42,10,173925.20,43444.56,188060.00,4.07,0.37,4.27,54.38,30.28,NVIDIA RTX PRO 6000 Blackwell Server Edition,94.97,INTEL(R) XEON(R) GOLD 5512U,56,251.36,12.9.7,NVIDIA-Linux-x86_64-595.58.03,cdaefc505308d97b5fd2289d8c997e4f307dd8b4,206549,2026-09-09T06:40:42.672161,,ISAAC_LAB_SINGLE_GPU_GTL_PRESET_NEWTON_MJWARP_EDEFAULT,benchmark_rsl_rl_Isaac-Velocity-Rough-Cassie_4096,2026-09-09,,dirty working tree reported
2026-09-09,measured,2026-09-09T13:20:39.291691Z,Isaac-Velocity-Rough-G1,training,rsl_rl,isaacsim_physx,none,4096,42,10,73893.50,14545.72,79650.00,9.94,0.31,10.09,52.93,24.04,NVIDIA RTX PRO 6000 Blackwell Server Edition,94.97,INTEL(R) XEON(R) GOLD 5512U,56,251.36,12.9.7,NVIDIA-Linux-x86_64-595.58.03,cdaefc505308d97b5fd2289d8c997e4f307dd8b4,206488,2026-09-09T06:18:17.582259,,ISAAC_LAB_SINGLE_GPU_GTL_PRESET_PHYSX_EDEFAULT,benchmark_rsl_rl_Isaac-Velocity-Rough-G1_4096,2026-09-09,,dirty working tree reported
2026-09-09,measured,2026-09-09T13:31:10.318560Z,Isaac-Velocity-Rough-G1,training,rsl_rl,newton_mjwarp,none,4096,42,10,129134.70,30536.45,139577.00,6.99,0.47,7.26,62.80,33.50,NVIDIA RTX PRO 6000 Blackwell Server Edition,94.97,INTEL(R) XEON(R) GOLD 5512U,56,251.36,12.9.7,NVIDIA-Linux-x86_64-595.58.03,cdaefc505308d97b5fd2289d8c997e4f307dd8b4,206518,2026-09-09T06:30:21.788859,,ISAAC_LAB_SINGLE_GPU_GTL_PRESET_NEWTON_MJWARP_EDEFAULT,benchmark_rsl_rl_Isaac-Velocity-Rough-G1_4096,2026-09-09,,dirty working tree reported
2026-09-09,measured,2026-09-09T15:36:04.027938Z,Isaac-Velocity-Rough-H1,training,rsl_rl,isaacsim_physx,none,4096,42,10,111302.80,25282.64,123812.00,8.79,0.37,9.00,37.55,18.13,NVIDIA RTX PRO 6000 Blackwell Server Edition,94.97,INTEL(R) XEON(R) GOLD 5512U,56,251.36,12.9.7,NVIDIA-Linux-x86_64-595.58.03,cdaefc505308d97b5fd2289d8c997e4f307dd8b4,206728,2026-09-09T08:34:32.955323,,ISAAC_LAB_SINGLE_GPU_GTL_PRESET_PHYSX_EDEFAULT,benchmark_rsl_rl_Isaac-Velocity-Rough-H1_4096,2026-09-09,,dirty working tree reported
2026-09-09,measured,2026-09-09T13:41:44.495617Z,Isaac-Velocity-Rough-H1,training,rsl_rl,newton_mjwarp,none,4096,42,10,155230.40,38882.96,170682.00,5.07,0.39,5.26,50.33,34.95,NVIDIA RTX PRO 6000 Blackwell Server Edition,94.97,INTEL(R) XEON(R) GOLD 5512U,56,251.36,12.9.7,NVIDIA-Linux-x86_64-595.58.03,cdaefc505308d97b5fd2289d8c997e4f307dd8b4,206551,2026-09-09T06:40:56.731161,,ISAAC_LAB_SINGLE_GPU_GTL_PRESET_NEWTON_MJWARP_EDEFAULT,benchmark_rsl_rl_Isaac-Velocity-Rough-H1_4096,2026-09-09,,dirty working tree reported; FPS coefficient of variation >25%
2026-09-09,measured,2026-09-09T13:37:42.590420Z,Isaac-Velocity-Rough-UnitreeGo2,training,rsl_rl,isaacsim_physx,none,4096,42,10,64345.30,11305.29,69012.00,10.08,0.29,10.21,57.38,22.22,NVIDIA RTX PRO 6000 Blackwell Server Edition,94.97,INTEL(R) XEON(R) GOLD 5512U,56,251.36,12.9.7,NVIDIA-Linux-x86_64-595.58.03,cdaefc505308d97b5fd2289d8c997e4f307dd8b4,206533,2026-09-09T06:36:03.801581,,ISAAC_LAB_SINGLE_GPU_GTL_PRESET_PHYSX_EDEFAULT,benchmark_rsl_rl_Isaac-Velocity-Rough-UnitreeGo2_4096,2026-09-09,,dirty working tree reported
2026-09-09,measured,2026-09-09T13:41:25.758425Z,Isaac-Velocity-Rough-UnitreeGo2,training,rsl_rl,newton_mjwarp,none,4096,42,10,146850.30,34632.96,162798.00,8.24,0.54,8.49,52.44,35.81,NVIDIA RTX PRO 6000 Blackwell Server Edition,94.97,INTEL(R) XEON(R) GOLD 5512U,56,251.36,12.9.7,NVIDIA-Linux-x86_64-595.58.03,cdaefc505308d97b5fd2289d8c997e4f307dd8b4,206548,2026-09-09T06:40:31.844793,,ISAAC_LAB_SINGLE_GPU_GTL_PRESET_NEWTON_MJWARP_EDEFAULT,benchmark_rsl_rl_Isaac-Velocity-Rough-UnitreeGo2_4096,2026-09-09,,dirty working tree reported
